ID#,Name,Country,Money Spent,Favourite Song,Favourite Item,Favourite Food,Worst Song,Worst Item,Worst Food
1444,Zayn Woodward,Djibouti,0,Stay,View,Fish,Time For Endless Adventures,Baja,Passion-Fruit
1418,Christopher Cantu,Papua New Guinea,1,Tum Jeeto Ya Haro,Foam-Hand,Fish,Boisterous Throwback,Foam-Hand,Murgh-Pulao
1253,Brodie Houston,Turkmenistan,3,Stay,Shirts,Dragon-Fruit,The Time Has Come Again For Disco,View,Passion-Fruit
133,Finnley Santiago,Mauritania,4,The Time Has Come Again For Disco,Flag,Kofta-Kabab,Time For Endless Adventures,View,Fried-Silk-Worm
615,Bryn Curry,Ukraine,6,Time For Endless Adventures,Shirts,Murgh-Pulao,Kala Jora,Shirts,Biryani
1218,Zain Rich,Myanmar,8,Time For Endless Adventures,Shirts,Fried-Silk-Worm,All In World,Baja,Dragon-Fruit
1371,Camilla Wise,Denmark,9,Boisterous Throwback,Baja,Fish,The Time Has Come Again For Disco,Face Painting,Kofta-Kabab
324,Faith Cline,Bahamas,10,Kala Jora,Face Painting,HotDog,Stay,Foam-Hand,Fried-Silk-Worm
816,Marie Webster,Luxembourg,11,The Time Has Come Again For Disco,Shirts,Biryani,Time For Endless Adventures,Foam-Hand,HotDog
421,Faye Jefferson,Vietnam,14,Time For Endless Adventures,Seats,Shirako,Kala Jora,Baja,HotDog
859,Crystal O'Brien,Rwanda,15,Boisterous Throwback,Seats,Shirako,All In World,Shirts,Fish
1211,Maddison Callahan,Myanmar,16,Boisterous Throwback,Shirts,Passion-Fruit,Kala Jora,View,Kofta-Kabab
1257,Muhammed Price,Serbia,17,Stay,Seats,Passion-Fruit,The Time Has Come Again For Disco,Face Painting,Fish
1152,Naima Lynch,Papua New Guinea,19,Time For Endless Adventures,Foam-Hand,Murgh-Pulao,The Time Has Come Again For Disco,Foam-Hand,Fish
762,Gethin Bowen,Spain,20,Time For Endless Adventures,Seats,Kofta-Kabab,Boisterous Throwback,View,Murgh-Pulao
184,Maggie Combs,Sweden,24,The Time Has Come Again For Disco,View,Biryani,Tum Jeeto Ya Haro,Foam-Hand,Passion-Fruit
1276,Calum Daugherty,Norway,25,The Time Has Come Again For Disco,Face Painting,Shirako,Stay,Foam-Hand,HotDog
1239,Anya Moore,Iraq,26,Tum Jeeto Ya Haro,Face Painting,Fried-Silk-Worm,Tum Jeeto Ya Haro,Shirts,HotDog
1265,Umar Huber,Nicaragua,27,Tum Jeeto Ya Haro,Baja,Biryani,Stay,Face Painting,Fried-Silk-Worm
774,Alana Villegas,Argentina,28,All In World,View,Passion-Fruit,Stay,Baja,Biryani
1181,Tammy Fisher,Oman,29,Boisterous Throwback,View,Biryani,Boisterous Throwback,Flag,Fish
1230,Francesca Mcmahon,Bolivia,30,Tum Jeeto Ya Haro,Shirts,Passion-Fruit,Boisterous Throwback,Face Painting,Dragon-Fruit
866,Lola Patterson,Paraguay,31,Time For Endless Adventures,Foam-Hand,Kofta-Kabab,Tum Jeeto Ya Haro,Shirts,HotDog
129,Osman Dyer,Greece,32,Time For Endless Adventures,Seats,HotDog,Kala Jora,Face Painting,Kofta-Kabab
818,Eve Jacobs,Bahrain,34,The Time Has Come Again For Disco,Foam-Hand,Fish,Time For Endless Adventures,Flag,Murgh-Pulao
614,Lance Mccoy,Congo {Democratic Rep},36,Kala Jora,View,HotDog,Kala Jora,Shirts,Biryani
1485,Lula Drake,Kuwait,37,The Time Has Come Again For Disco,Seats,Shirako,Stay,Shirts,Passion-Fruit
344,Dewey Patton,Andorra,38,Stay,View,Shirako,Tum Jeeto Ya Haro,Face Painting,Murgh-Pulao
738,Athena Rollins,Tuvalu,39,Kala Jora,Foam-Hand,Fish,Kala Jora,Flag,Fish
279,Elin Bruce,Monaco,41,Boisterous Throwback,Face Painting,Fried-Silk-Worm,All In World,Face Painting,Fish
1226,Anish Daugherty,Zambia,42,Kala Jora,View,Dragon-Fruit,Time For Endless Adventures,Baja,Dragon-Fruit
736,Alistair Osborne,Antigua & Deps,44,Stay,Foam-Hand,Dragon-Fruit,Stay,Flag,Murgh-Pulao
644,Edie Ryan,Ivory Coast,45,Time For Endless Adventures,Baja,HotDog,Tum Jeeto Ya Haro,Shirts,Biryani
1040,Charley Orozco,New Zealand,46,Boisterous Throwback,View,Passion-Fruit,Tum Jeeto Ya Haro,Foam-Hand,Fish
1035,Rufus Allison,Sweden,47,Kala Jora,Baja,Shirako,Time For Endless Adventures,Face Painting,HotDog
608,Aaryan Johnston,Panama,48,Kala Jora,Shirts,Fish,Time For Endless Adventures,Shirts,Fried-Silk-Worm
105,Shawn Bishop,Korea North,49,Time For Endless Adventures,Foam-Hand,Murgh-Pulao,Tum Jeeto Ya Haro,Shirts,Fish
860,Zarah Peck,Cameroon,50,Time For Endless Adventures,Flag,Shirako,The Time Has Come Again For Disco,Shirts,Biryani
1367,Vincent Escobar,Sweden,53,Time For Endless Adventures,Foam-Hand,Murgh-Pulao,All In World,View,Fish
585,Herman Blackburn,Yemen,54,Stay,Flag,Shirako,Time For Endless Adventures,Foam-Hand,Fish
119,Dafydd Harding,United Arab Emirates,56,Kala Jora,Flag,Kofta-Kabab,Stay,Flag,Dragon-Fruit
316,Clarence Torres,Singapore,57,Stay,Face Painting,Biryani,Time For Endless Adventures,Baja,Kofta-Kabab
1267,Theodore Haney,Peru,58,Boisterous Throwback,Foam-Hand,Fish,Tum Jeeto Ya Haro,View,Murgh-Pulao
562,Elmer Reed,Bahamas,59,All In World,Baja,Shirako,Time For Endless Adventures,Baja,Kofta-Kabab
648,Abigail Townsend,Romania,61,The Time Has Come Again For Disco,Seats,Dragon-Fruit,Boisterous Throwback,Flag,Biryani
727,Angus Melton,Oman,62,Stay,Foam-Hand,HotDog,The Time Has Come Again For Disco,Flag,Fish
583,Adelaide Blankenship,Dominica,63,Time For Endless Adventures,Foam-Hand,Biryani,Boisterous Throwback,Shirts,Fried-Silk-Worm
1481,Bessie Calhoun,Guinea-Bissau,64,Stay,View,Passion-Fruit,All In World,Shirts,Fried-Silk-Worm
923,Alistair Hubbard,Indonesia,65,Tum Jeeto Ya Haro,Shirts,Dragon-Fruit,Stay,View,HotDog
1301,Billy Herrera,Sierra Leone,66,All In World,Face Painting,Kofta-Kabab,Kala Jora,Shirts,Biryani
124,Vivian Thompson,Cambodia,67,Stay,Flag,Murgh-Pulao,Kala Jora,Seats,Fish
1249,Taylor Calderon,Seychelles,68,All In World,Flag,Shirako,Tum Jeeto Ya Haro,Seats,Passion-Fruit
76,Jayden Hughes,Antigua & Deps,69,Stay,Shirts,HotDog,Boisterous Throwback,Face Painting,Shirako
787,Cade Stephenson,Andorra,70,Tum Jeeto Ya Haro,Seats,Dragon-Fruit,Stay,Shirts,Biryani
337,William Erickson,Tonga,72,Tum Jeeto Ya Haro,Shirts,HotDog,All In World,Shirts,Fish
22,Darragh Peck,Canada,73,Boisterous Throwback,View,Shirako,The Time Has Come Again For Disco,View,Biryani
1349,Ezekiel Donovan,Cameroon,74,Tum Jeeto Ya Haro,Shirts,Biryani,All In World,Seats,Murgh-Pulao
370,Laila Sutton,Kosovo,76,Time For Endless Adventures,View,Dragon-Fruit,The Time Has Come Again For Disco,Foam-Hand,Biryani
802,Anish Harmon,Marshall Islands,77,Time For Endless Adventures,Foam-Hand,Fish,Tum Jeeto Ya Haro,Foam-Hand,Passion-Fruit
46,Dylan Merritt,Kenya,78,The Time Has Come Again For Disco,Foam-Hand,Murgh-Pulao,Boisterous Throwback,Foam-Hand,Passion-Fruit
18,Zakir Duke,Belize,79,The Time Has Come Again For Disco,Face Painting,Fried-Silk-Worm,Time For Endless Adventures,Baja,Biryani
674,Amna Stuart,Mexico,80,Kala Jora,Shirts,Murgh-Pulao,Tum Jeeto Ya Haro,Seats,Dragon-Fruit
1497,May Merritt,Cameroon,81,Kala Jora,Foam-Hand,HotDog,Stay,Flag,Fried-Silk-Worm
102,Hasnain O'Quinn,Korea North,83,The Time Has Come Again For Disco,Flag,Fried-Silk-Worm,The Time Has Come Again For Disco,Foam-Hand,Shirako
776,Evan Barton,Iraq,84,Stay,Seats,Fish,Stay,Foam-Hand,HotDog
213,Jamie Porter,Belgium,86,The Time Has Come Again For Disco,Baja,Biryani,Time For Endless Adventures,Shirts,Fish
1192,Judy Hubbard,Korea South,87,Kala Jora,Shirts,Shirako,Boisterous Throwback,Foam-Hand,Murgh-Pulao
1470,Isabella Acosta,Laos,88,Boisterous Throwback,View,Kofta-Kabab,Time For Endless Adventures,Flag,Passion-Fruit
347,Carol Mack,Uruguay,89,Time For Endless Adventures,Shirts,Shirako,Kala Jora,Baja,Murgh-Pulao
1383,Soraya Hart,Bosnia Herzegovina,90,Stay,Face Painting,Murgh-Pulao,All In World,Flag,Dragon-Fruit
1098,Moshe Waller,India,91,Kala Jora,Foam-Hand,Shirako,Stay,Shirts,Passion-Fruit
888,Keyaan Hewitt,Paraguay,92,Kala Jora,Face Painting,Shirako,All In World,Flag,Kofta-Kabab
1447,Shivam Castaneda,Serbia,93,Kala Jora,Face Painting,Fried-Silk-Worm,Kala Jora,Foam-Hand,HotDog
692,Mari Hunter,Saudi Arabia,94,Stay,Baja,Shirako,The Time Has Come Again For Disco,Seats,Murgh-Pulao
829,Kara Hale,Micronesia,95,Tum Jeeto Ya Haro,Face Painting,Murgh-Pulao,Boisterous Throwback,Foam-Hand,Dragon-Fruit
1151,Sachin Burns,United Arab Emirates,96,Kala Jora,Flag,Fish,Tum Jeeto Ya Haro,Baja,Shirako
1387,Austin Juarez,Tajikistan,99,Boisterous Throwback,Flag,Passion-Fruit,All In World,Flag,Fried-Silk-Worm
154,Maia Page,Montenegro,100,All In World,View,Biryani,Stay,Baja,Shirako
1045,Neil Turner,Papua New Guinea,101,The Time Has Come Again For Disco,Flag,Dragon-Fruit,Boisterous Throwback,Foam-Hand,Fried-Silk-Worm
1402,Malika Norton,Ethiopia,103,Kala Jora,Face Painting,Murgh-Pulao,Stay,Seats,Murgh-Pulao
1457,Luc Kennedy,South Sudan,104,Tum Jeeto Ya Haro,Shirts,Passion-Fruit,Boisterous Throwback,Shirts,Passion-Fruit
1206,Carla Gordon,Qatar,105,The Time Has Come Again For Disco,Flag,Fried-Silk-Worm,Time For Endless Adventures,Flag,Passion-Fruit
1404,Rhea Yang,Zimbabwe,108,Kala Jora,Face Painting,Passion-Fruit,Time For Endless Adventures,Face Painting,Passion-Fruit
969,Catrin Mcgrath,Mongolia,109,Kala Jora,View,Fried-Silk-Worm,Kala Jora,Baja,Murgh-Pulao
676,Nabil Benton,Senegal,111,Stay,Shirts,Passion-Fruit,Tum Jeeto Ya Haro,Shirts,Dragon-Fruit
1143,Harold Cruz,Equatorial Guinea,112,All In World,Flag,Fish,Tum Jeeto Ya Haro,Shirts,Kofta-Kabab
931,Maisha Vargas,Antigua & Deps,113,The Time Has Come Again For Disco,View,Shirako,Kala Jora,Seats,Dragon-Fruit
836,Herbert Beard,Swaziland,114,Boisterous Throwback,Foam-Hand,Fish,Stay,Baja,Fried-Silk-Worm
111,Denis Dickson,Micronesia,115,The Time Has Come Again For Disco,Baja,Biryani,Stay,Flag,Passion-Fruit
191,Felicity Downs,Finland,116,Boisterous Throwback,Baja,Kofta-Kabab,Stay,View,Kofta-Kabab
1028,Rhys Hogan,United Arab Emirates,119,Time For Endless Adventures,View,Fish,Time For Endless Adventures,Foam-Hand,Kofta-Kabab
621,Hashim Gray,Netherlands,120,Tum Jeeto Ya Haro,Flag,Dragon-Fruit,Kala Jora,View,Dragon-Fruit
118,Richie Sampson,Andorra,121,The Time Has Come Again For Disco,Foam-Hand,Biryani,Time For Endless Adventures,Flag,Shirako
1483,Ellis Hammond,Turkey,122,Tum Jeeto Ya Haro,Shirts,Shirako,Stay,Baja,Biryani
1051,Edwin Melton,Andorra,125,All In World,Face Painting,Fried-Silk-Worm,Boisterous Throwback,Flag,Fried-Silk-Worm
800,Nikodem Barron,Tanzania,127,The Time Has Come Again For Disco,Face Painting,Dragon-Fruit,The Time Has Come Again For Disco,View,Kofta-Kabab
491,Rhiannon Mckinney,Lithuania,129,Stay,Shirts,HotDog,Tum Jeeto Ya Haro,Foam-Hand,HotDog
253,Julian Buchanan,Cape Verde,131,Tum Jeeto Ya Haro,Seats,HotDog,All In World,View,Shirako
1184,Elisabeth Day,Micronesia,132,Stay,Seats,Passion-Fruit,All In World,View,Shirako
1482,Lori Sherman,Korea North,134,Time For Endless Adventures,Baja,Kofta-Kabab,Stay,Seats,Shirako
1420,Adele Wu,Philippines,136,Time For Endless Adventures,Seats,Biryani,Tum Jeeto Ya Haro,Baja,HotDog
940,Sebastien Bowen,Guinea,137,Tum Jeeto Ya Haro,Shirts,Fried-Silk-Worm,All In World,View,Shirako
817,Edgar Blair,Mozambique,140,Boisterous Throwback,Face Painting,Fried-Silk-Worm,Tum Jeeto Ya Haro,View,Shirako
1327,Kirsty Becker,Tonga,141,Kala Jora,Face Painting,Murgh-Pulao,Time For Endless Adventures,Flag,Fish
1021,Kyra Cordova,Chad,142,The Time Has Come Again For Disco,Shirts,Dragon-Fruit,All In World,Seats,Passion-Fruit
1348,Tiago Brandt,South Africa,143,Tum Jeeto Ya Haro,Face Painting,Biryani,Kala Jora,Face Painting,Biryani
1291,Jordanne Curry,South Sudan,144,Boisterous Throwback,Face Painting,HotDog,All In World,Baja,HotDog
1169,Vanessa Melendez,Moldova,145,Stay,View,Kofta-Kabab,Boisterous Throwback,Foam-Hand,Fish
1227,Gavin Rivera,Iraq,147,Time For Endless Adventures,Seats,Fish,Boisterous Throwback,Face Painting,Murgh-Pulao
1094,Samia Chang,Russian Federation,148,Time For Endless Adventures,Baja,Passion-Fruit,Tum Jeeto Ya Haro,Seats,Shirako
1461,Meredith Hines,Sao Tome & Principe,149,Boisterous Throwback,Flag,Biryani,All In World,Flag,Fried-Silk-Worm
1412,Adam Ballard,Solomon Islands,150,Time For Endless Adventures,Face Painting,Dragon-Fruit,The Time Has Come Again For Disco,Shirts,Biryani
1296,Francesco Fox,Singapore,151,Boisterous Throwback,Shirts,HotDog,Kala Jora,View,Fish
819,Isaac Mercado,Albania,152,Boisterous Throwback,Baja,Passion-Fruit,Kala Jora,Flag,Fried-Silk-Worm
1047,Reuben Wise,Senegal,153,Kala Jora,View,Passion-Fruit,Kala Jora,Flag,Shirako
975,Liberty Mcneil,Japan,154,The Time Has Come Again For Disco,Foam-Hand,Murgh-Pulao,Boisterous Throwback,Seats,Fish
158,Isabelle Heath,Belgium,157,The Time Has Come Again For Disco,Flag,Dragon-Fruit,Time For Endless Adventures,Foam-Hand,Biryani
1260,Sienna Delacruz,Russian Federation,158,Kala Jora,View,Fried-Silk-Worm,Kala Jora,Seats,Shirako
301,Ebony Petersen,Jordan,159,All In World,View,Kofta-Kabab,Stay,Face Painting,Shirako
573,Iris Meza,Estonia,160,Kala Jora,Shirts,Dragon-Fruit,Boisterous Throwback,Baja,Passion-Fruit
1357,Warren Pineda,Barbados,162,Stay,Foam-Hand,Murgh-Pulao,Tum Jeeto Ya Haro,Face Painting,Murgh-Pulao
1356,Dawid Richardson,Malawi,164,All In World,View,HotDog,All In World,View,Biryani
563,Esther Johnson,Spain,167,All In World,View,Passion-Fruit,Boisterous Throwback,Shirts,HotDog
376,Sahil Dickson,Korea South,168,Stay,Shirts,Fried-Silk-Worm,Boisterous Throwback,View,Fried-Silk-Worm
465,Stevie Spence,Suriname,170,All In World,Foam-Hand,Murgh-Pulao,All In World,Seats,Fish
1495,Ehsan Wagner,Jordan,171,Tum Jeeto Ya Haro,Face Painting,Dragon-Fruit,Stay,Shirts,Murgh-Pulao
711,Neil Obrien,Jordan,172,Tum Jeeto Ya Haro,Foam-Hand,Passion-Fruit,All In World,View,Fried-Silk-Worm
1164,Maximilian Hawkins,Switzerland,173,Stay,Face Painting,Shirako,Tum Jeeto Ya Haro,Baja,HotDog
739,Fred Parsons,Chile,174,Boisterous Throwback,Flag,Kofta-Kabab,Time For Endless Adventures,Face Painting,Dragon-Fruit
318,Sallie Mcpherson,South Africa,175,Tum Jeeto Ya Haro,Flag,Murgh-Pulao,Stay,Seats,Shirako
429,Lyndon Vincent,Pakistan,176,Stay,Shirts,HotDog,Time For Endless Adventures,Flag,Biryani
999,Aliya Shepard,Egypt,180,Tum Jeeto Ya Haro,View,Dragon-Fruit,Kala Jora,Shirts,Kofta-Kabab
992,Eliana Oconnell,Ghana,181,Boisterous Throwback,Foam-Hand,Fried-Silk-Worm,Stay,Face Painting,Murgh-Pulao
1370,Fintan Haley,Togo,184,Kala Jora,Seats,Dragon-Fruit,Stay,Shirts,Shirako
903,Olivia Matthews,Benin,185,All In World,Shirts,Dragon-Fruit,Tum Jeeto Ya Haro,Flag,Passion-Fruit
856,Kyan Lambert,Azerbaijan,186,Tum Jeeto Ya Haro,Face Painting,Dragon-Fruit,All In World,Baja,Dragon-Fruit
1398,Safwan Mclaughlin,Yemen,188,Tum Jeeto Ya Haro,Flag,Fish,Tum Jeeto Ya Haro,Seats,HotDog
1019,Hana Tapia,Bosnia Herzegovina,189,The Time Has Come Again For Disco,Baja,Dragon-Fruit,Kala Jora,Face Painting,Fish
333,Moses Miles,Lebanon,191,Stay,Baja,Biryani,Boisterous Throwback,Shirts,Fish
1093,Everly Carrillo,Korea North,192,Kala Jora,Foam-Hand,Kofta-Kabab,Kala Jora,View,Shirako
852,Caroline Clarke,Russian Federation,193,Kala Jora,Foam-Hand,HotDog,Boisterous Throwback,Shirts,Fried-Silk-Worm
1085,Bessie Hicks,Central African Rep,194,Stay,Shirts,Fish,Stay,Seats,Fish
960,Lilli Phillips,South Africa,195,Time For Endless Adventures,Shirts,HotDog,Boisterous Throwback,View,HotDog
1127,Mariyah Cervantes,Vatican City,196,Boisterous Throwback,View,Fish,All In World,Foam-Hand,Passion-Fruit
1187,Catrin Berg,Bolivia,197,The Time Has Come Again For Disco,Seats,Kofta-Kabab,Stay,Seats,Fish
985,Phoebe Clarke,Maldives,198,All In World,Shirts,HotDog,The Time Has Come Again For Disco,Flag,Passion-Fruit
1369,Rio Maxwell,Senegal,199,Tum Jeeto Ya Haro,Foam-Hand,Kofta-Kabab,Boisterous Throwback,Face Painting,Murgh-Pulao
1294,Esmee Sloan,Sao Tome & Principe,200,The Time Has Come Again For Disco,Baja,Shirako,Boisterous Throwback,View,Passion-Fruit
1173,Georgia Burton,East Timor,202,Time For Endless Adventures,Shirts,Dragon-Fruit,The Time Has Come Again For Disco,Face Painting,Dragon-Fruit
946,Kirsten Tanner,Cape Verde,203,Time For Endless Adventures,Foam-Hand,Fish,The Time Has Come Again For Disco,Foam-Hand,Fried-Silk-Worm
1312,Abubakar Winter,Slovenia,204,Boisterous Throwback,Seats,Fried-Silk-Worm,The Time Has Come Again For Disco,Foam-Hand,Biryani
238,Magnus Dickson,Ireland {Republic},205,All In World,Face Painting,Murgh-Pulao,Kala Jora,Baja,Biryani
728,Robin Kirk,Haiti,206,Time For Endless Adventures,View,Biryani,All In World,View,Fried-Silk-Worm
326,Ophelia Middleton,Mauritius,207,All In World,View,Fried-Silk-Worm,Tum Jeeto Ya Haro,Shirts,Shirako
1004,Harri Frank,St Lucia,208,Time For Endless Adventures,Shirts,Biryani,Stay,Baja,HotDog
1458,Yasmin Wu,Libya,209,Tum Jeeto Ya Haro,Foam-Hand,Fried-Silk-Worm,Boisterous Throwback,View,Kofta-Kabab
1136,Raphael Peters,Equatorial Guinea,211,Stay,Foam-Hand,Fish,Stay,Baja,Fish
1374,Nicole Owens,Albania,212,The Time Has Come Again For Disco,Shirts,HotDog,Time For Endless Adventures,Seats,Kofta-Kabab
1030,Fraser Cochran,Paraguay,214,Time For Endless Adventures,Face Painting,Dragon-Fruit,The Time Has Come Again For Disco,Seats,Fried-Silk-Worm
1362,Anton Peters,Korea North,215,Stay,Seats,Passion-Fruit,Kala Jora,Flag,Kofta-Kabab
1097,Gene Matthews,Egypt,216,Kala Jora,Foam-Hand,Biryani,All In World,View,Fried-Silk-Worm
1332,Antony Webster,Palestine,218,Boisterous Throwback,Flag,Fried-Silk-Worm,Kala Jora,Foam-Hand,Fish
1424,Yasmin Bentley,Guatemala,219,Stay,Seats,Fish,Stay,Flag,HotDog
1056,Roy Gill,Papua New Guinea,220,All In World,Flag,Dragon-Fruit,Tum Jeeto Ya Haro,Baja,Fried-Silk-Worm
423,Leonardo Clayton,Barbados,221,Tum Jeeto Ya Haro,Face Painting,Shirako,Kala Jora,Foam-Hand,Shirako
498,Ethel Mullen,Kuwait,222,Boisterous Throwback,Baja,Kofta-Kabab,Boisterous Throwback,Foam-Hand,Passion-Fruit
507,Timothy Bloggs,Austria,223,Kala Jora,Flag,Shirako,Stay,Flag,Murgh-Pulao
795,Katie Benson,Comoros,225,Tum Jeeto Ya Haro,Foam-Hand,Passion-Fruit,All In World,View,Fried-Silk-Worm
1079,Anne Richard,Iceland,226,Tum Jeeto Ya Haro,Flag,Murgh-Pulao,Kala Jora,Seats,Shirako
1197,Rohan Gibbons,Comoros,227,The Time Has Come Again For Disco,Seats,Kofta-Kabab,All In World,Face Painting,Passion-Fruit
925,Elspeth Chen,China,228,The Time Has Come Again For Disco,Shirts,Passion-Fruit,Kala Jora,Face Painting,HotDog
1112,Nikodem Bryan,Tuvalu,229,Tum Jeeto Ya Haro,Flag,Dragon-Fruit,Kala Jora,Shirts,Kofta-Kabab
834,Leyton Bowen,Andorra,230,Stay,Seats,Passion-Fruit,Stay,Flag,Kofta-Kabab
394,Naima Lozano,Philippines,231,All In World,Shirts,Murgh-Pulao,Boisterous Throwback,View,Fish
1379,Hugh Nash,Micronesia,232,Stay,Foam-Hand,Kofta-Kabab,All In World,Baja,Passion-Fruit
1310,Cayden Patton,Egypt,233,The Time Has Come Again For Disco,Baja,Kofta-Kabab,All In World,View,Dragon-Fruit
384,Inaya Sanchez,Jordan,234,The Time Has Come Again For Disco,Seats,Kofta-Kabab,All In World,Baja,Fried-Silk-Worm
1252,Edie Decker,Belarus,236,All In World,Baja,Fried-Silk-Worm,All In World,Shirts,Kofta-Kabab
1393,Samira Bonilla,Taiwan,237,Time For Endless Adventures,Face Painting,Fried-Silk-Worm,All In World,View,Passion-Fruit
114,Libbie Pacheco,Congo {Democratic Rep},238,Boisterous Throwback,Foam-Hand,Biryani,Kala Jora,Baja,Dragon-Fruit
680,Samson Maddox,Lithuania,239,The Time Has Come Again For Disco,Baja,Fish,Time For Endless Adventures,Foam-Hand,Fish
633,Gideon Mercado,Senegal,241,Stay,Face Painting,Fried-Silk-Worm,The Time Has Come Again For Disco,Flag,Biryani
246,Ty Berger,South Sudan,242,All In World,View,Shirako,Time For Endless Adventures,Face Painting,HotDog
1455,Abbey Anderson,Sao Tome & Principe,245,Boisterous Throwback,Foam-Hand,Passion-Fruit,Boisterous Throwback,Shirts,Shirako
1159,Arabella Galvan,France,247,Time For Endless Adventures,View,Fried-Silk-Worm,Kala Jora,Flag,Dragon-Fruit
1315,Fred Ruiz,Peru,248,Time For Endless Adventures,Baja,Shirako,The Time Has Come Again For Disco,Face Painting,Murgh-Pulao
1359,Nina Daugherty,Iraq,249,Tum Jeeto Ya Haro,Flag,Biryani,Boisterous Throwback,Face Painting,Fish
1431,Oisin Mckenzie,Andorra,250,Boisterous Throwback,Baja,HotDog,The Time Has Come Again For Disco,Baja,Murgh-Pulao
598,Lillie Key,Yemen,251,Stay,View,Fish,Kala Jora,Baja,Murgh-Pulao
1330,Clifford Shannon,India,252,All In World,View,HotDog,Kala Jora,Seats,HotDog
1009,Chelsey Moran,Guinea,255,Stay,Flag,Shirako,Kala Jora,Seats,Biryani
1353,Ismail Bright,Thailand,257,Tum Jeeto Ya Haro,Seats,Passion-Fruit,Tum Jeeto Ya Haro,Shirts,Passion-Fruit
1242,Junior Dillon,Argentina,258,The Time Has Come Again For Disco,Foam-Hand,Fried-Silk-Worm,Time For Endless Adventures,Shirts,Dragon-Fruit
5,Cody Rangel,Solomon Islands,259,Boisterous Throwback,Face Painting,Biryani,Tum Jeeto Ya Haro,Shirts,Dragon-Fruit
1073,Hollie Nunez,Ghana,260,Stay,Seats,Passion-Fruit,All In World,Shirts,Passion-Fruit
719,Valentina Burgess,Ivory Coast,261,Stay,Flag,Murgh-Pulao,Time For Endless Adventures,Foam-Hand,HotDog
1395,Aleksander Rodriguez,Samoa,262,Kala Jora,Foam-Hand,Fish,The Time Has Come Again For Disco,Face Painting,Biryani
987,Henry Lindsay,United Arab Emirates,263,All In World,Flag,HotDog,The Time Has Come Again For Disco,Foam-Hand,Biryani
115,Findlay Burton,Mali,264,The Time Has Come Again For Disco,View,Shirako,Tum Jeeto Ya Haro,Baja,Murgh-Pulao
1185,Lilly-Rose Woodard,Sierra Leone,265,Stay,Shirts,Kofta-Kabab,Tum Jeeto Ya Haro,Foam-Hand,HotDog
1423,Alyssa Sharp,Laos,267,Kala Jora,Baja,Shirako,Stay,Foam-Hand,Shirako
922,Zakariya Velez,Brazil,269,Kala Jora,Shirts,Fried-Silk-Worm,Boisterous Throwback,Foam-Hand,Kofta-Kabab
813,Cassie Glass,Austria,270,All In World,View,Fish,The Time Has Come Again For Disco,Foam-Hand,Fried-Silk-Worm
1334,Bryan Tapia,Korea South,271,Boisterous Throwback,Shirts,Fried-Silk-Worm,Time For Endless Adventures,Shirts,Murgh-Pulao
807,Inaya Sharp,Dominican Republic,272,Boisterous Throwback,Shirts,Dragon-Fruit,Tum Jeeto Ya Haro,Face Painting,Shirako
1174,Steffan Gentry,Qatar,273,Tum Jeeto Ya Haro,Seats,Murgh-Pulao,Boisterous Throwback,Foam-Hand,Kofta-Kabab
878,Ava-Rose Dalton,Palestine,277,All In World,Seats,Fried-Silk-Worm,Tum Jeeto Ya Haro,Shirts,Murgh-Pulao
1013,Kacper Bowen,Angola,278,Boisterous Throwback,Baja,Murgh-Pulao,Stay,Baja,Shirako
1413,Alina Farley,Iran,279,Kala Jora,Flag,HotDog,Boisterous Throwback,Baja,HotDog
1216,George Oneill,Iceland,281,The Time Has Come Again For Disco,View,Fish,All In World,Foam-Hand,Biryani
91,Shelby Booker,Namibia,282,All In World,Baja,Shirako,Time For Endless Adventures,Baja,Fried-Silk-Worm
907,Keith Boone,Nepal,283,Kala Jora,Baja,Passion-Fruit,Boisterous Throwback,Flag,Kofta-Kabab
929,Casey Petty,Jamaica,285,All In World,Shirts,Shirako,Time For Endless Adventures,View,HotDog
1179,Audrey Avila,Austria,286,Kala Jora,View,Kofta-Kabab,Time For Endless Adventures,Face Painting,Shirako
734,Gary Hendrix,Palestine,287,Tum Jeeto Ya Haro,Shirts,Fried-Silk-Worm,Tum Jeeto Ya Haro,Foam-Hand,Fish
1479,Loui Knight,Botswana,288,Boisterous Throwback,Seats,Shirako,Kala Jora,Baja,HotDog
538,Neave Rich,Slovakia,289,Time For Endless Adventures,Shirts,Fried-Silk-Worm,Tum Jeeto Ya Haro,Foam-Hand,Dragon-Fruit
1351,Brayden Hilton,Nigeria,291,Kala Jora,Face Painting,Biryani,Tum Jeeto Ya Haro,Seats,Shirako
570,Aleena Marsh,Tonga,293,Kala Jora,Shirts,Shirako,Time For Endless Adventures,Face Painting,Biryani
764,Leyton Ashley,Tajikistan,294,Time For Endless Adventures,Foam-Hand,Fried-Silk-Worm,Kala Jora,Seats,Kofta-Kabab
242,Ivan Hebert,Gabon,295,Stay,Flag,Shirako,Time For Endless Adventures,Shirts,Fish
919,Emma Santos,Thailand,297,Time For Endless Adventures,Face Painting,Dragon-Fruit,Kala Jora,Face Painting,Fried-Silk-Worm
1119,Rishi Monroe,Qatar,298,The Time Has Come Again For Disco,Seats,Fish,Kala Jora,View,Passion-Fruit
501,Leonard Pena,Croatia,299,The Time Has Come Again For Disco,Seats,Passion-Fruit,The Time Has Come Again For Disco,Foam-Hand,Biryani
618,Laurence Reeves,Thailand,301,Time For Endless Adventures,Face Painting,Passion-Fruit,Tum Jeeto Ya Haro,Flag,Shirako
1500,Humaira Parker,Albania,302,All In World,Foam-Hand,Shirako,Kala Jora,Seats,Fried-Silk-Worm
1345,Rahul Santos,Austria,303,All In World,View,Passion-Fruit,Stay,Foam-Hand,Biryani
995,Everett Gentry,Mauritania,306,Boisterous Throwback,Face Painting,Shirako,Time For Endless Adventures,Shirts,Dragon-Fruit
1403,Tallulah Harris,Gambia,307,Kala Jora,Flag,HotDog,Stay,Flag,Shirako
1302,Pauline Acevedo,Sao Tome & Principe,308,Tum Jeeto Ya Haro,View,Fish,Stay,Foam-Hand,Shirako
846,Gavin Escobar,Luxembourg,309,The Time Has Come Again For Disco,View,Fried-Silk-Worm,Stay,View,Passion-Fruit
280,Alys Finch,Vanuatu,310,Stay,Face Painting,Fish,Kala Jora,Face Painting,Fish
215,Roisin Ayers,San Marino,311,Kala Jora,Face Painting,Murgh-Pulao,Tum Jeeto Ya Haro,Foam-Hand,Biryani
937,Drew Simpson,Eritrea,312,Kala Jora,View,Passion-Fruit,Tum Jeeto Ya Haro,View,Fried-Silk-Worm
806,Frances Mcgowan,Ireland {Republic},313,Kala Jora,View,Murgh-Pulao,Time For Endless Adventures,Flag,Fried-Silk-Worm
745,Pauline Cisneros,Equatorial Guinea,314,Time For Endless Adventures,Flag,Biryani,Tum Jeeto Ya Haro,Baja,Shirako
603,Effie Archer,Seychelles,315,Kala Jora,Shirts,Passion-Fruit,The Time Has Come Again For Disco,View,Fried-Silk-Worm
613,Cayden John,Kazakhstan,316,Stay,Foam-Hand,Fried-Silk-Worm,Stay,Face Painting,Shirako
1311,Ruben Kim,Myanmar,317,Time For Endless Adventures,Baja,Passion-Fruit,Time For Endless Adventures,Face Painting,HotDog
1475,Cormac Gould,Chad,318,Kala Jora,Flag,Fish,Tum Jeeto Ya Haro,Flag,Kofta-Kabab
1140,Henri Diaz,Macedonia,319,Time For Endless Adventures,Face Painting,Shirako,Time For Endless Adventures,Flag,HotDog
1488,Siena Massey,Afghanistan,320,Tum Jeeto Ya Haro,Shirts,Passion-Fruit,The Time Has Come Again For Disco,View,Biryani
1271,Bridie Reed,Sweden,321,Stay,Seats,Biryani,Stay,Baja,Biryani
1440,Louie Mason,Uganda,324,Tum Jeeto Ya Haro,Face Painting,Fried-Silk-Worm,Kala Jora,Baja,HotDog
1468,Fannie Harvey,Philippines,325,Stay,Shirts,Dragon-Fruit,Tum Jeeto Ya Haro,Shirts,Fish
506,Aqsa Weiss,St Kitts & Nevis,326,Kala Jora,Flag,Fried-Silk-Worm,Boisterous Throwback,Shirts,Biryani
1190,Jaydon Holland,Lebanon,327,The Time Has Come Again For Disco,Face Painting,Passion-Fruit,The Time Has Come Again For Disco,Face Painting,Kofta-Kabab
492,Kaden Coleman,Canada,328,Boisterous Throwback,Foam-Hand,Fish,The Time Has Come Again For Disco,View,Dragon-Fruit
1231,Findlay Bryant,Brazil,330,Stay,Flag,Fried-Silk-Worm,All In World,Shirts,Dragon-Fruit
1386,Alejandro Mullen,Botswana,331,Boisterous Throwback,View,Murgh-Pulao,Time For Endless Adventures,Seats,Dragon-Fruit
1469,Alessia Page,Niger,332,Stay,Flag,Fried-Silk-Worm,All In World,Face Painting,Passion-Fruit
516,Nate Strong,Zimbabwe,333,All In World,View,Kofta-Kabab,Tum Jeeto Ya Haro,Seats,Fish
1269,Kirsten Rodriguez,Korea South,336,Boisterous Throwback,View,Biryani,Stay,Baja,Kofta-Kabab
87,Sumayyah Nielsen,Mali,338,Boisterous Throwback,Shirts,Fish,All In World,Foam-Hand,Biryani
1304,Harry Pierce,United Kingdom,340,Tum Jeeto Ya Haro,Foam-Hand,Kofta-Kabab,Kala Jora,Baja,HotDog
869,Tanisha Roach,Ghana,341,Stay,Flag,Murgh-Pulao,Boisterous Throwback,Flag,Fried-Silk-Worm
686,Kirsten O'Sullivan,Saint Vincent & the Grenadines,342,Kala Jora,Flag,HotDog,Time For Endless Adventures,View,Fried-Silk-Worm
833,Kitty Wolf,Austria,344,Tum Jeeto Ya Haro,Foam-Hand,Kofta-Kabab,The Time Has Come Again For Disco,Flag,Fish
195,Rishi Mathews,Bulgaria,346,Tum Jeeto Ya Haro,Flag,Passion-Fruit,Time For Endless Adventures,Flag,Dragon-Fruit
864,Mackenzie Atkins,Eritrea,347,Stay,View,HotDog,Boisterous Throwback,Face Painting,Shirako
917,Carla Best,Chad,349,Stay,Foam-Hand,Shirako,Tum Jeeto Ya Haro,Shirts,Dragon-Fruit
1146,Issac Bowers,Nicaragua,350,Kala Jora,Seats,Kofta-Kabab,All In World,Seats,Fish
781,Safia Villanueva,Kenya,351,Boisterous Throwback,Flag,Kofta-Kabab,Time For Endless Adventures,Seats,Dragon-Fruit
1005,Stefan Shaw,Denmark,352,All In World,Shirts,Passion-Fruit,All In World,Baja,HotDog
1183,Abdulrahman Carroll,Cuba,353,Stay,Shirts,Murgh-Pulao,The Time Has Come Again For Disco,Seats,Murgh-Pulao
502,Sam Walter,Dominica,356,All In World,Flag,Passion-Fruit,Boisterous Throwback,Foam-Hand,Passion-Fruit
350,Shauna Rangel,Portugal,357,The Time Has Come Again For Disco,Face Painting,Dragon-Fruit,Boisterous Throwback,Seats,Passion-Fruit
303,Ricky Rivera,Panama,358,The Time Has Come Again For Disco,Shirts,Kofta-Kabab,Kala Jora,Seats,Fried-Silk-Worm
1400,Fynn Ward,Argentina,359,Tum Jeeto Ya Haro,Seats,Kofta-Kabab,Boisterous Throwback,Face Painting,Dragon-Fruit
1120,Marilyn Reeves,Montenegro,360,Boisterous Throwback,Shirts,Biryani,The Time Has Come Again For Disco,Shirts,Biryani
1205,Olivia Richard,Norway,361,All In World,Baja,Biryani,All In World,Face Painting,Biryani
1394,Qasim O'Quinn,Mexico,362,All In World,Flag,Fried-Silk-Worm,The Time Has Come Again For Disco,Face Painting,Fried-Silk-Worm
607,Dan Bullock,Gambia,366,Kala Jora,View,Dragon-Fruit,Boisterous Throwback,Flag,Fish
1018,Lillie Mccoy,Venezuela,367,All In World,Seats,Shirako,All In World,Foam-Hand,Fried-Silk-Worm
718,Roisin Pena,Lesotho,368,Time For Endless Adventures,Seats,HotDog,Stay,View,Murgh-Pulao
1076,Leland Hamilton,Bahamas,369,Tum Jeeto Ya Haro,Flag,Dragon-Fruit,Boisterous Throwback,Baja,Fried-Silk-Worm
75,Rhys Ayala,Barbados,370,Kala Jora,Shirts,Fried-Silk-Worm,All In World,Shirts,Passion-Fruit
1199,Jamil Hansen,Jamaica,372,All In World,Flag,Passion-Fruit,The Time Has Come Again For Disco,Foam-Hand,Passion-Fruit
1433,Melisa Carlson,Japan,373,Boisterous Throwback,Flag,Fried-Silk-Worm,Time For Endless Adventures,Face Painting,Fried-Silk-Worm
1284,Daniyal Burton,Fiji,374,Kala Jora,Flag,Shirako,The Time Has Come Again For Disco,Seats,Passion-Fruit
689,Neave Prince,Jordan,375,Stay,Flag,Biryani,All In World,Foam-Hand,Fish
1344,Nelson Lester,Mongolia,376,Time For Endless Adventures,Flag,Fried-Silk-Worm,Kala Jora,View,Dragon-Fruit
1318,Fynn Jensen,Austria,378,Stay,Baja,Fish,Time For Endless Adventures,Foam-Hand,Murgh-Pulao
1399,Shanice Jarvis,Brunei,379,Time For Endless Adventures,Flag,HotDog,Stay,Shirts,Dragon-Fruit
1428,Sahil Mayer,Malta,380,All In World,Seats,Passion-Fruit,Boisterous Throwback,Shirts,HotDog
472,Chaya Wheeler,Botswana,381,Boisterous Throwback,Face Painting,Passion-Fruit,Boisterous Throwback,Shirts,Biryani
1273,Lily-Rose Mann,South Sudan,383,Boisterous Throwback,Seats,Shirako,Boisterous Throwback,Flag,Murgh-Pulao
1299,Cecilia O'Quinn,Djibouti,384,The Time Has Come Again For Disco,Flag,Fried-Silk-Worm,All In World,Foam-Hand,Fish
1434,Amirah Davila,Japan,385,Kala Jora,Face Painting,HotDog,Time For Endless Adventures,Face Painting,Fried-Silk-Worm
712,Josh Osborn,Singapore,386,Stay,Flag,Fish,Kala Jora,Shirts,Biryani
962,Rowan Perez,Switzerland,387,All In World,Flag,Biryani,Kala Jora,View,Passion-Fruit
1055,Sonia Petersen,Peru,388,Tum Jeeto Ya Haro,Face Painting,Passion-Fruit,Kala Jora,Shirts,Fish
1038,Connie Woodward,Cambodia,390,Kala Jora,Face Painting,Fried-Silk-Worm,Stay,Shirts,Fish
414,Calvin Pollard,Norway,392,Kala Jora,Baja,HotDog,Stay,Face Painting,Passion-Fruit
662,Jesse Lindsey,Slovakia,393,The Time Has Come Again For Disco,Flag,Biryani,Boisterous Throwback,Flag,Kofta-Kabab
951,Elysia Mcguire,Libya,394,Boisterous Throwback,Baja,Fried-Silk-Worm,All In World,Foam-Hand,Kofta-Kabab
1385,Iqra Frederick,St Kitts & Nevis,395,Tum Jeeto Ya Haro,Flag,Fried-Silk-Worm,Boisterous Throwback,Seats,Dragon-Fruit
84,Alasdair Gallegos,Tonga,397,Boisterous Throwback,Flag,Fried-Silk-Worm,Kala Jora,Seats,Fish
972,Georgie Gamble,Uruguay,398,Kala Jora,Flag,Fried-Silk-Worm,The Time Has Come Again For Disco,Flag,Biryani
1247,Liana Montoya,Bangladesh,400,Time For Endless Adventures,View,Fried-Silk-Worm,Stay,Baja,Fried-Silk-Worm
772,Cruz Ellis,Japan,401,Boisterous Throwback,Shirts,Biryani,Stay,Seats,HotDog
1313,Myrtle Stephenson,Kazakhstan,402,All In World,Baja,Murgh-Pulao,Kala Jora,View,Passion-Fruit
1401,Abi Gay,Rwanda,403,Kala Jora,Flag,Murgh-Pulao,Tum Jeeto Ya Haro,Shirts,Shirako
1209,Jacques Everett,Malaysia,404,All In World,Face Painting,Murgh-Pulao,All In World,Shirts,HotDog
137,Lucian Wise,New Zealand,405,Time For Endless Adventures,Foam-Hand,HotDog,Time For Endless Adventures,Shirts,HotDog
1432,Michaela Bates,Slovenia,406,Kala Jora,Face Painting,Passion-Fruit,Kala Jora,Seats,Fish
1397,Jessica Macdonald,Sudan,407,Stay,Flag,HotDog,Stay,Shirts,Dragon-Fruit
78,Monty Deleon,Algeria,408,Time For Endless Adventures,Seats,Passion-Fruit,Time For Endless Adventures,Shirts,Shirako
1380,Viola Vega,Bolivia,409,Boisterous Throwback,View,Biryani,Boisterous Throwback,Seats,Dragon-Fruit
1450,Fraser Franco,United Arab Emirates,411,All In World,Baja,Fried-Silk-Worm,Boisterous Throwback,Flag,Shirako
681,Larry Leonard,Portugal,413,Stay,View,Murgh-Pulao,Time For Endless Adventures,Foam-Hand,Dragon-Fruit
1262,Lucia Calhoun,Australia,417,Tum Jeeto Ya Haro,Shirts,HotDog,Time For Endless Adventures,Seats,Biryani
73,Saarah Le,Marshall Islands,419,Time For Endless Adventures,Baja,Dragon-Fruit,Boisterous Throwback,Flag,HotDog
1287,Gwen Randolph,Finland,420,Kala Jora,View,Biryani,Boisterous Throwback,Foam-Hand,Biryani
1235,Pauline Hawkins,Tanzania,421,Time For Endless Adventures,Seats,Fried-Silk-Worm,Kala Jora,Face Painting,Kofta-Kabab
564,Linda Summers,Peru,422,Boisterous Throwback,Seats,Passion-Fruit,The Time Has Come Again For Disco,Flag,HotDog
1167,Alisha Frye,Saudi Arabia,423,Tum Jeeto Ya Haro,View,Passion-Fruit,Time For Endless Adventures,Foam-Hand,Shirako
422,Gideon Alvarado,Malaysia,425,The Time Has Come Again For Disco,Shirts,Passion-Fruit,All In World,Face Painting,Kofta-Kabab
909,Kristian Jacobs,Slovenia,426,Boisterous Throwback,View,Murgh-Pulao,Kala Jora,View,Kofta-Kabab
1156,Safwan Coffey,Benin,428,The Time Has Come Again For Disco,Face Painting,Fried-Silk-Worm,Stay,Baja,Shirako
468,Aiden Cardenas,El Salvador,430,Time For Endless Adventures,Face Painting,Biryani,Stay,Flag,Kofta-Kabab
997,Keziah Hilton,Belarus,431,All In World,Seats,Biryani,Time For Endless Adventures,Foam-Hand,Shirako
966,Mercedes Kelly,Uganda,432,The Time Has Come Again For Disco,Flag,Kofta-Kabab,Boisterous Throwback,Shirts,Fish
528,Neve O'Reilly,Venezuela,434,Stay,View,Murgh-Pulao,Stay,View,Passion-Fruit
1254,Rhea Nelson,Kenya,435,Tum Jeeto Ya Haro,Shirts,Passion-Fruit,Kala Jora,View,Kofta-Kabab
50,Everly Skinner,Cape Verde,437,Time For Endless Adventures,Seats,Shirako,Stay,Seats,Dragon-Fruit
354,Ciaran Owen,Micronesia,438,Stay,Foam-Hand,Dragon-Fruit,Boisterous Throwback,Shirts,Fish
874,Max Clark,Georgia,439,Tum Jeeto Ya Haro,View,Biryani,Stay,Shirts,Shirako
412,Hannah Wilcox,Belgium,440,The Time Has Come Again For Disco,Shirts,Fried-Silk-Worm,Tum Jeeto Ya Haro,Face Painting,Dragon-Fruit
145,Charlie Rich,Portugal,441,Tum Jeeto Ya Haro,Seats,Passion-Fruit,The Time Has Come Again For Disco,Seats,Fish
1384,Marley Schaefer,Suriname,442,Boisterous Throwback,Foam-Hand,Dragon-Fruit,The Time Has Come Again For Disco,Flag,Fried-Silk-Worm
575,Mahdi Riley,Taiwan,443,Tum Jeeto Ya Haro,Flag,Passion-Fruit,The Time Has Come Again For Disco,Face Painting,Murgh-Pulao
1300,Ioan Davis,Niger,444,Tum Jeeto Ya Haro,Face Painting,Fish,Stay,View,Biryani
634,Alisha Petersen,Hungary,445,The Time Has Come Again For Disco,Face Painting,HotDog,Boisterous Throwback,Face Painting,Kofta-Kabab
675,Jose Roberson,Colombia,446,Time For Endless Adventures,Baja,Dragon-Fruit,The Time Has Come Again For Disco,Shirts,HotDog
166,Kaleb Mendez,Vietnam,447,Kala Jora,Foam-Hand,Kofta-Kabab,All In World,Shirts,Fish
978,Maison Warren,Guatemala,448,Kala Jora,Face Painting,Murgh-Pulao,Boisterous Throwback,Seats,Murgh-Pulao
375,Christina Salas,Jamaica,449,Tum Jeeto Ya Haro,Face Painting,HotDog,The Time Has Come Again For Disco,Seats,Biryani
1452,Ruth Griffith,Chad,451,Kala Jora,Shirts,Murgh-Pulao,Boisterous Throwback,Seats,Fish
1486,Jasmin Wells,Ethiopia,452,The Time Has Come Again For Disco,Face Painting,Passion-Fruit,Time For Endless Adventures,Flag,HotDog
1323,Shane Rosales,Cyprus,453,Kala Jora,Shirts,Fried-Silk-Worm,Kala Jora,Shirts,Dragon-Fruit
171,Pedro Shields,Cape Verde,454,Boisterous Throwback,Baja,Shirako,All In World,View,Passion-Fruit
733,Craig Vazquez,Serbia,455,Kala Jora,View,Kofta-Kabab,Boisterous Throwback,Face Painting,Passion-Fruit
234,Karina Lewis,Belgium,456,Kala Jora,Shirts,Kofta-Kabab,Boisterous Throwback,View,Dragon-Fruit
9,Harriet Curtis,Iraq,457,Kala Jora,Face Painting,Kofta-Kabab,The Time Has Come Again For Disco,Seats,Shirako
1039,Xavier Orr,Italy,458,Kala Jora,Flag,Passion-Fruit,Stay,Shirts,Fish
876,Samara Bonilla,Albania,459,Stay,View,Kofta-Kabab,Time For Endless Adventures,Seats,Dragon-Fruit
629,Lucy Stafford,Croatia,460,Tum Jeeto Ya Haro,Foam-Hand,Biryani,All In World,Foam-Hand,Kofta-Kabab
7,Delores Everett,Namibia,461,Tum Jeeto Ya Haro,Flag,Fish,Kala Jora,View,Biryani
953,Suzanne Parsons,Jamaica,462,Tum Jeeto Ya Haro,Face Painting,Biryani,Tum Jeeto Ya Haro,Foam-Hand,Fish
890,Kallum Lindsay,Seychelles,463,Kala Jora,Shirts,Murgh-Pulao,The Time Has Come Again For Disco,Foam-Hand,Dragon-Fruit
1492,Amira Lucas,Jamaica,464,Kala Jora,Face Painting,Fish,All In World,Shirts,Passion-Fruit
1338,Malik Cooper,Oman,465,Tum Jeeto Ya Haro,Shirts,Biryani,Time For Endless Adventures,Flag,Passion-Fruit
636,Ali Zuniga,China,466,All In World,Foam-Hand,Fried-Silk-Worm,The Time Has Come Again For Disco,Seats,Biryani
664,Khadijah Griffith,Cameroon,467,The Time Has Come Again For Disco,Face Painting,Biryani,All In World,Foam-Hand,HotDog
341,Hayley Bridges,United Arab Emirates,468,Boisterous Throwback,Shirts,Passion-Fruit,Tum Jeeto Ya Haro,Shirts,HotDog
938,Tony Farrell,Denmark,469,Time For Endless Adventures,Seats,Dragon-Fruit,Kala Jora,Seats,Murgh-Pulao
1064,Carlos Pineda,Kyrgyzstan,470,Time For Endless Adventures,Baja,Dragon-Fruit,All In World,Flag,Shirako
222,Jonas Arnold,St Kitts & Nevis,473,Time For Endless Adventures,Face Painting,Fish,All In World,Seats,Shirako
367,Anastasia Vazquez,Colombia,474,Kala Jora,Seats,Shirako,All In World,View,HotDog
1453,Monty Berger,Niger,475,All In World,Foam-Hand,Fried-Silk-Worm,All In World,Baja,Dragon-Fruit
1124,Ralph Fleming,Niger,477,Tum Jeeto Ya Haro,Baja,Murgh-Pulao,Time For Endless Adventures,Foam-Hand,Shirako
1259,Adem Chambers,Costa Rica,479,Time For Endless Adventures,Foam-Hand,HotDog,Boisterous Throwback,View,Fish
1493,Brodie Oneal,United Kingdom,480,Tum Jeeto Ya Haro,Shirts,Fish,Boisterous Throwback,Flag,Fish
1329,Ayden Casey,Iraq,482,Boisterous Throwback,Baja,Fried-Silk-Worm,Boisterous Throwback,Seats,Passion-Fruit
979,William Horn,Serbia,483,Boisterous Throwback,Baja,Biryani,Boisterous Throwback,Shirts,Murgh-Pulao
1336,Samira Boone,Vatican City,484,Tum Jeeto Ya Haro,Face Painting,Kofta-Kabab,The Time Has Come Again For Disco,View,Shirako
726,Virgil Carter,Kyrgyzstan,485,Kala Jora,Shirts,Passion-Fruit,Tum Jeeto Ya Haro,Baja,Fried-Silk-Worm
1314,Melanie Daniel,Guinea-Bissau,486,Boisterous Throwback,Shirts,Shirako,Time For Endless Adventures,Seats,Dragon-Fruit
1308,Harold Mckay,Haiti,487,The Time Has Come Again For Disco,Flag,Murgh-Pulao,All In World,Seats,Murgh-Pulao
534,Ethan Becker,Barbados,488,Stay,Face Painting,Fish,Kala Jora,View,Fish
434,Hasnain Lopez,United Kingdom,489,Tum Jeeto Ya Haro,Seats,Kofta-Kabab,Stay,Face Painting,Fried-Silk-Worm
463,Russell Bauer,Sao Tome & Principe,492,Kala Jora,Flag,Fish,Time For Endless Adventures,Baja,Murgh-Pulao
1490,Aleena Salazar,France,493,The Time Has Come Again For Disco,Foam-Hand,Fish,Tum Jeeto Ya Haro,Baja,HotDog
1436,Isha White,Norway,496,Tum Jeeto Ya Haro,Face Painting,Shirako,Boisterous Throwback,Foam-Hand,HotDog
981,Curtis Coleman,Canada,497,Stay,Face Painting,Murgh-Pulao,Boisterous Throwback,Seats,Passion-Fruit
1460,Jim Maldonado,Ireland {Republic},498,The Time Has Come Again For Disco,Face Painting,Kofta-Kabab,Kala Jora,Flag,Biryani
1319,Alysha Gonzales,Cambodia,500,The Time Has Come Again For Disco,Foam-Hand,Biryani,The Time Has Come Again For Disco,View,Fried-Silk-Worm
478,Zakariya Sheppard,Rwanda,501,Boisterous Throwback,Shirts,HotDog,All In World,Face Painting,Dragon-Fruit
1198,Donna James,Kenya,502,Kala Jora,Foam-Hand,Passion-Fruit,All In World,Flag,Kofta-Kabab
1268,Jane Holloway,Nauru,503,Stay,Foam-Hand,Dragon-Fruit,Stay,Baja,Biryani
1377,Meghan Little,Afghanistan,504,Boisterous Throwback,Face Painting,Passion-Fruit,All In World,Face Painting,Fried-Silk-Worm
1175,Janet Downs,Cyprus,505,Time For Endless Adventures,Baja,Fried-Silk-Worm,Time For Endless Adventures,Shirts,Shirako
1445,Joan Castro,Guinea,507,Time For Endless Adventures,Foam-Hand,Dragon-Fruit,The Time Has Come Again For Disco,Flag,Dragon-Fruit
955,Cole O'Connor,Nepal,508,Time For Endless Adventures,Shirts,HotDog,Kala Jora,View,Kofta-Kabab
525,Yaseen Higgins,Papua New Guinea,509,Kala Jora,View,Biryani,Time For Endless Adventures,Flag,Biryani
593,Eesa Leonard,Kiribati,510,Stay,Flag,HotDog,All In World,Face Painting,Kofta-Kabab
1243,Vinnie Guzman,Madagascar,512,Boisterous Throwback,Flag,Fried-Silk-Worm,Time For Endless Adventures,Flag,Biryani
1382,Lyndon Hayden,Belgium,514,Tum Jeeto Ya Haro,View,Shirako,All In World,Shirts,Kofta-Kabab
1148,Myrtle O'Doherty,Bolivia,515,Boisterous Throwback,Face Painting,Murgh-Pulao,Boisterous Throwback,Face Painting,Passion-Fruit
1279,Phoenix George,Malawi,517,All In World,Face Painting,Passion-Fruit,The Time Has Come Again For Disco,Foam-Hand,Shirako
1099,Milton Pham,Palau,520,Stay,Flag,Dragon-Fruit,The Time Has Come Again For Disco,Shirts,Dragon-Fruit
897,Barry Bullock,Benin,521,Stay,Shirts,Passion-Fruit,The Time Has Come Again For Disco,Flag,Kofta-Kabab
217,Owais Mcmahon,United Arab Emirates,522,The Time Has Come Again For Disco,Baja,Biryani,Boisterous Throwback,Shirts,Kofta-Kabab
905,Mariya Stanley,Tonga,523,Boisterous Throwback,Seats,Fried-Silk-Worm,Stay,Face Painting,Kofta-Kabab
1462,Rahul Mora,Singapore,524,Stay,Foam-Hand,Fried-Silk-Worm,Kala Jora,Baja,Dragon-Fruit
1029,Christina Hahn,Niger,525,Kala Jora,Flag,Murgh-Pulao,All In World,Baja,Kofta-Kabab
368,Dorothy Mullen,Czech Republic,526,Boisterous Throwback,Baja,Fried-Silk-Worm,Tum Jeeto Ya Haro,View,Passion-Fruit
1499,Faizan Ashley,Libya,527,Stay,View,Shirako,All In World,Shirts,Fish
1478,Bertie Villanueva,Ghana,528,Stay,Shirts,Fish,Tum Jeeto Ya Haro,Foam-Hand,Murgh-Pulao
1446,Crystal Bradley,Dominica,529,Tum Jeeto Ya Haro,Seats,Dragon-Fruit,Kala Jora,Baja,Passion-Fruit
881,Edwin Wood,Romania,531,Stay,Face Painting,Fish,Kala Jora,Shirts,Biryani
861,Abbas Burgess,Bangladesh,532,Time For Endless Adventures,Baja,Murgh-Pulao,Kala Jora,Baja,Fried-Silk-Worm
430,Zac Leach,Congo {Democratic Rep},533,Tum Jeeto Ya Haro,View,Fish,All In World,Shirts,Biryani
1487,Kallum Harrison,Switzerland,534,Tum Jeeto Ya Haro,Shirts,Dragon-Fruit,Stay,Baja,Kofta-Kabab
62,Jana Gibbons,Guinea,535,All In World,Flag,Biryani,Time For Endless Adventures,Seats,Passion-Fruit
1222,Vera Herrera,Zambia,537,Boisterous Throwback,View,Dragon-Fruit,Kala Jora,Face Painting,Fish
988,Harold Freeman,Mauritania,538,The Time Has Come Again For Disco,Baja,Dragon-Fruit,All In World,Face Painting,Fried-Silk-Worm
1008,Keanu Baldwin,Kiribati,539,The Time Has Come Again For Disco,Flag,Kofta-Kabab,The Time Has Come Again For Disco,Face Painting,Kofta-Kabab
823,Fletcher Norris,New Zealand,540,Stay,Flag,Shirako,Boisterous Throwback,View,Kofta-Kabab
1366,Sanaa Reilly,Togo,541,Kala Jora,View,Fried-Silk-Worm,Kala Jora,View,Shirako
1489,Isobella Barry,Angola,542,Stay,Seats,Fish,Stay,Face Painting,Dragon-Fruit
1317,Garfield Cobb,St Lucia,543,Stay,Foam-Hand,Fish,Tum Jeeto Ya Haro,Shirts,HotDog
1266,Susan Howell,Saudi Arabia,544,Kala Jora,Baja,Biryani,Stay,Foam-Hand,Passion-Fruit
1228,Thalia Harrison,Iceland,545,The Time Has Come Again For Disco,Flag,HotDog,All In World,Shirts,HotDog
123,Lucie Aguirre,Armenia,546,All In World,Foam-Hand,Passion-Fruit,Stay,Shirts,Shirako
750,Stephanie Frazier,Bahrain,547,Stay,Baja,HotDog,All In World,Flag,Murgh-Pulao
204,Asa Greer,Greece,548,Stay,Shirts,Fried-Silk-Worm,Kala Jora,Shirts,HotDog
714,Alessia Gallagher,Croatia,549,Kala Jora,Face Painting,HotDog,Tum Jeeto Ya Haro,Baja,Biryani
553,Velma Yates,Seychelles,550,The Time Has Come Again For Disco,Foam-Hand,Murgh-Pulao,Time For Endless Adventures,Flag,Murgh-Pulao
1411,Darragh Pace,Sierra Leone,551,The Time Has Come Again For Disco,Seats,Shirako,All In World,Flag,Passion-Fruit
1459,Florence Hutchinson,Kyrgyzstan,552,Stay,Foam-Hand,HotDog,Stay,View,Biryani
1122,Zarah Robinson,Algeria,553,The Time Has Come Again For Disco,Face Painting,Kofta-Kabab,All In World,Foam-Hand,Shirako
1429,Everly Byrd,Burundi,555,Boisterous Throwback,Flag,Biryani,Tum Jeeto Ya Haro,Face Painting,Biryani
1409,Hussain Livingston,Antigua & Deps,556,Boisterous Throwback,Foam-Hand,HotDog,All In World,Flag,Kofta-Kabab
94,Shreya Gates,Vanuatu,557,All In World,Seats,HotDog,Time For Endless Adventures,Shirts,Passion-Fruit
769,Dawid Paul,Syria,558,Boisterous Throwback,Flag,Biryani,All In World,Flag,Biryani
1102,Sienna Joseph,Peru,559,Time For Endless Adventures,Flag,Fish,Boisterous Throwback,Baja,Dragon-Fruit
456,Carlos Finley,Cuba,560,Stay,Foam-Hand,Murgh-Pulao,Tum Jeeto Ya Haro,Face Painting,Passion-Fruit
678,Austin Evans,Kosovo,561,Tum Jeeto Ya Haro,View,Murgh-Pulao,Time For Endless Adventures,Flag,Passion-Fruit
292,Bibi Delacruz,Norway,562,The Time Has Come Again For Disco,Baja,Fish,The Time Has Come Again For Disco,Foam-Hand,Kofta-Kabab
797,Sameer Daugherty,Brunei,563,All In World,Seats,Fried-Silk-Worm,Kala Jora,Seats,Shirako
1437,Katherine Lucero,Togo,565,Stay,Flag,Dragon-Fruit,The Time Has Come Again For Disco,Shirts,Shirako
1360,Jakob Parker,Equatorial Guinea,566,The Time Has Come Again For Disco,Foam-Hand,HotDog,All In World,View,Fish
1165,Mathilda Mosley,Ethiopia,567,The Time Has Come Again For Disco,Face Painting,Murgh-Pulao,Kala Jora,Seats,Murgh-Pulao
1208,Nancy Mccormick,Estonia,571,The Time Has Come Again For Disco,Shirts,Passion-Fruit,Boisterous Throwback,Seats,Murgh-Pulao
243,Amaya English,Jamaica,572,Boisterous Throwback,Baja,Passion-Fruit,Boisterous Throwback,View,Dragon-Fruit
645,Vanessa Hendricks,Andorra,573,All In World,Seats,Fried-Silk-Worm,The Time Has Come Again For Disco,Foam-Hand,Passion-Fruit
653,Maisey Gibbs,Tonga,574,Stay,View,Dragon-Fruit,Time For Endless Adventures,Baja,HotDog
1210,Bridie West,Palau,575,Kala Jora,Face Painting,Shirako,Time For Endless Adventures,Baja,Fish
1430,Chad Hall,Suriname,576,Kala Jora,Shirts,Dragon-Fruit,Stay,View,HotDog
924,Subhan Rivera,Haiti,577,Boisterous Throwback,Face Painting,Biryani,Tum Jeeto Ya Haro,Face Painting,HotDog
1388,Aminah Matthews,Belize,578,Time For Endless Adventures,Baja,Passion-Fruit,Stay,Flag,Dragon-Fruit
721,Damon Wells,Botswana,579,Time For Endless Adventures,Foam-Hand,Shirako,Stay,Flag,Passion-Fruit
1389,Frederic Dejesus,Malaysia,580,All In World,Shirts,Kofta-Kabab,Boisterous Throwback,Foam-Hand,Murgh-Pulao
1014,Lorcan Petty,Canada,582,Stay,View,Kofta-Kabab,The Time Has Come Again For Disco,Seats,Kofta-Kabab
1347,Magnus Andrews,Malaysia,585,Time For Endless Adventures,View,Dragon-Fruit,Time For Endless Adventures,Face Painting,Fish
1476,Reggie Grant,Grenada,586,The Time Has Come Again For Disco,Shirts,HotDog,Tum Jeeto Ya Haro,Flag,Shirako
233,Elissa Chaney,Botswana,587,Kala Jora,Baja,Biryani,The Time Has Come Again For Disco,Foam-Hand,Fried-Silk-Worm
1010,Theo Pitts,Burundi,588,Time For Endless Adventures,Shirts,Murgh-Pulao,Stay,Baja,Kofta-Kabab
814,Alicia Stafford,United States,589,All In World,Flag,HotDog,Time For Endless Adventures,Foam-Hand,Kofta-Kabab
725,Veronica Rivers,St Kitts & Nevis,590,The Time Has Come Again For Disco,Seats,Fried-Silk-Worm,Tum Jeeto Ya Haro,Flag,Murgh-Pulao
1144,Rabia Ferguson,United States,591,Boisterous Throwback,Face Painting,HotDog,Stay,Baja,Biryani
400,Poppie Potts,Barbados,593,Time For Endless Adventures,Flag,Biryani,Tum Jeeto Ya Haro,Baja,Biryani
1053,Andrew Cooke,Zimbabwe,594,Kala Jora,Foam-Hand,Murgh-Pulao,Time For Endless Adventures,Baja,Kofta-Kabab
82,Abi Villegas,Malawi,597,Time For Endless Adventures,Seats,Fried-Silk-Worm,Kala Jora,View,Passion-Fruit
1465,Heath Barker,Antigua & Deps,600,Boisterous Throwback,Face Painting,Biryani,All In World,Flag,Biryani
1128,Bilal Knox,Botswana,601,Kala Jora,Flag,Passion-Fruit,Tum Jeeto Ya Haro,Baja,HotDog
1250,Iwan Oneill,Dominica,602,Kala Jora,Foam-Hand,Fish,All In World,Baja,Biryani
1467,Myla Aguilar,Taiwan,603,Stay,Seats,Dragon-Fruit,Tum Jeeto Ya Haro,Face Painting,Murgh-Pulao
1149,Robbie Salinas,Serbia,604,Time For Endless Adventures,View,Kofta-Kabab,Stay,Baja,Fish
1340,Hasnain Rodgers,Croatia,605,Boisterous Throwback,Shirts,Shirako,Tum Jeeto Ya Haro,Foam-Hand,Passion-Fruit
543,Saad Valenzuela,San Marino,606,Stay,Baja,Shirako,Stay,Foam-Hand,Murgh-Pulao
1096,Saif Gibbs,Fiji,608,All In World,Shirts,Dragon-Fruit,Time For Endless Adventures,Flag,Shirako
1166,Hazel Mooney,Panama,609,Stay,Shirts,Passion-Fruit,Tum Jeeto Ya Haro,Flag,Biryani
591,Cleo Petty,Vatican City,610,Stay,Face Painting,Dragon-Fruit,Tum Jeeto Ya Haro,Face Painting,Fish
1263,Ridwan Bailey,Macedonia,611,The Time Has Come Again For Disco,Flag,Shirako,Kala Jora,View,Dragon-Fruit
1129,Lacey Klein,Malawi,612,Time For Endless Adventures,Shirts,Biryani,All In World,Seats,Fried-Silk-Worm
1451,Fergus Webb,Malawi,613,Stay,Flag,Passion-Fruit,Tum Jeeto Ya Haro,Face Painting,Passion-Fruit
1454,Nicholas Riggs,Swaziland,614,The Time Has Come Again For Disco,Face Painting,Dragon-Fruit,All In World,View,Fish
335,Julian Landry,Benin,616,Tum Jeeto Ya Haro,Flag,Passion-Fruit,Boisterous Throwback,View,HotDog
885,Bertie Davis,Turkmenistan,617,Time For Endless Adventures,Shirts,Fish,Stay,View,Shirako
1233,Harmony Johns,Mauritania,618,The Time Has Come Again For Disco,Flag,HotDog,Kala Jora,View,HotDog
1117,Viola Mccullough,Libya,619,Kala Jora,Baja,Kofta-Kabab,Time For Endless Adventures,Shirts,Shirako
1194,Sami Hardin,Ecuador,620,All In World,Baja,Dragon-Fruit,Stay,Foam-Hand,Shirako
840,Kylie Coffey,Palestine,621,Boisterous Throwback,View,Murgh-Pulao,Kala Jora,Seats,Murgh-Pulao
1343,Kieron Williams,St Kitts & Nevis,622,All In World,Baja,HotDog,Tum Jeeto Ya Haro,Face Painting,Passion-Fruit
1331,Leyla Barker,Belarus,623,The Time Has Come Again For Disco,Flag,Dragon-Fruit,Stay,Baja,Kofta-Kabab
851,Kirsty Cameron,Marshall Islands,624,Tum Jeeto Ya Haro,Seats,Murgh-Pulao,The Time Has Come Again For Disco,Seats,HotDog
425,Chester Faulkner,Central African Rep,625,Tum Jeeto Ya Haro,Baja,Biryani,The Time Has Come Again For Disco,Face Painting,HotDog
1443,Clifford Aguirre,Turkmenistan,626,All In World,Baja,Shirako,Time For Endless Adventures,Shirts,Murgh-Pulao
527,Evelyn Lara,Qatar,627,Tum Jeeto Ya Haro,View,Murgh-Pulao,The Time Has Come Again For Disco,View,Murgh-Pulao
1309,Xanthe Bass,Suriname,628,Time For Endless Adventures,View,Fried-Silk-Worm,All In World,Seats,Passion-Fruit
1408,Ella Hicks,Turkmenistan,629,Time For Endless Adventures,Flag,Passion-Fruit,Kala Jora,Flag,Murgh-Pulao
1000,Mariam Wilkinson,Bolivia,631,Kala Jora,View,Fish,Kala Jora,Seats,Murgh-Pulao
643,Ifan Horne,Guinea-Bissau,632,All In World,Face Painting,Fish,Stay,Baja,Dragon-Fruit
70,Sinead Hernandez,Korea North,633,Time For Endless Adventures,Shirts,Biryani,Stay,Foam-Hand,Fried-Silk-Worm
225,Angel Sosa,Qatar,634,Kala Jora,Shirts,Kofta-Kabab,Boisterous Throwback,Face Painting,Fried-Silk-Worm
1288,Jacqueline Lee,Uganda,635,Time For Endless Adventures,View,HotDog,Time For Endless Adventures,Baja,HotDog
974,Anne Logan,Venezuela,638,All In World,Face Painting,Shirako,All In World,Seats,HotDog
323,Oskar Le,Monaco,641,All In World,Seats,Kofta-Kabab,Boisterous Throwback,Face Painting,Kofta-Kabab
815,Mark Singleton,Grenada,642,Boisterous Throwback,Foam-Hand,Fish,All In World,Face Painting,Biryani
928,Nikolas Baxter,Switzerland,644,Time For Endless Adventures,View,Fried-Silk-Worm,Time For Endless Adventures,Flag,Kofta-Kabab
96,Mitchell Cunningham,Iceland,645,Tum Jeeto Ya Haro,View,Kofta-Kabab,Kala Jora,Seats,HotDog
915,Madeleine Stanton,Iraq,647,Kala Jora,Flag,Biryani,The Time Has Come Again For Disco,Shirts,Biryani
1150,Bailey Hobbs,Austria,648,Stay,Shirts,Biryani,The Time Has Come Again For Disco,Baja,HotDog
811,Lachlan Jones,United Kingdom,649,Time For Endless Adventures,Foam-Hand,Kofta-Kabab,Tum Jeeto Ya Haro,Seats,Dragon-Fruit
976,Blanche Colon,Oman,650,Boisterous Throwback,Shirts,Fish,Stay,Foam-Hand,Biryani
908,Livia Brennan,Rwanda,651,Kala Jora,View,Murgh-Pulao,The Time Has Come Again For Disco,Foam-Hand,Dragon-Fruit
1305,Callie Schaefer,Paraguay,652,All In World,Foam-Hand,Murgh-Pulao,Time For Endless Adventures,Face Painting,Kofta-Kabab
1068,Madeline Banks,Estonia,654,Tum Jeeto Ya Haro,View,Biryani,The Time Has Come Again For Disco,View,Dragon-Fruit
188,Anas Stevenson,Indonesia,655,Tum Jeeto Ya Haro,Flag,Murgh-Pulao,Stay,Flag,Biryani
474,Peter Moran,New Zealand,656,Time For Endless Adventures,Foam-Hand,HotDog,Stay,Face Painting,Passion-Fruit
1060,Carys Hodges,Honduras,657,Tum Jeeto Ya Haro,Seats,Biryani,All In World,Flag,Murgh-Pulao
1236,Brooke Robertson,Liberia,659,Boisterous Throwback,View,Murgh-Pulao,Time For Endless Adventures,Seats,Biryani
968,Billy Carpenter,Ireland {Republic},660,Time For Endless Adventures,View,Passion-Fruit,The Time Has Come Again For Disco,Shirts,Murgh-Pulao
1095,Nikolas Wyatt,Paraguay,661,Tum Jeeto Ya Haro,Foam-Hand,Fish,Time For Endless Adventures,Baja,Kofta-Kabab
826,Lester Pittman,Namibia,664,Kala Jora,View,Passion-Fruit,Kala Jora,View,Biryani
927,Courtney Avila,Papua New Guinea,665,The Time Has Come Again For Disco,View,Kofta-Kabab,Time For Endless Adventures,Baja,Fried-Silk-Worm
1438,Grover Thornton,Mauritania,666,Stay,View,HotDog,All In World,Flag,Dragon-Fruit
1264,Nabil Massey,Comoros,667,Stay,Foam-Hand,Fish,The Time Has Come Again For Disco,View,Kofta-Kabab
932,Princess Pruitt,Peru,669,The Time Has Come Again For Disco,Flag,Murgh-Pulao,All In World,View,Fish
420,Rayhan Alexander,Luxembourg,670,Stay,Seats,Kofta-Kabab,Time For Endless Adventures,Shirts,Kofta-Kabab
899,Nevaeh Terrell,Djibouti,671,All In World,Flag,Kofta-Kabab,Kala Jora,Face Painting,Murgh-Pulao
632,Caroline Rosales,Comoros,672,Tum Jeeto Ya Haro,Face Painting,Shirako,Kala Jora,Flag,Fish
1070,Clayton Flynn,Tonga,674,Kala Jora,Foam-Hand,Fried-Silk-Worm,The Time Has Come Again For Disco,Flag,Murgh-Pulao
521,Arianna Morgan,Bolivia,675,Boisterous Throwback,Face Painting,Dragon-Fruit,Stay,Face Painting,Fish
944,Karl Buckley,Mauritius,676,Stay,Shirts,Fried-Silk-Worm,All In World,Baja,HotDog
447,Milan Herman,Niger,677,Kala Jora,Flag,Passion-Fruit,Kala Jora,Baja,Passion-Fruit
887,Byron Hendricks,St Lucia,678,The Time Has Come Again For Disco,Flag,Passion-Fruit,Time For Endless Adventures,Seats,Biryani
730,Howard Foley,Nicaragua,679,Tum Jeeto Ya Haro,Foam-Hand,Dragon-Fruit,All In World,Face Painting,Dragon-Fruit
574,Leia Stevenson,Denmark,680,Stay,Face Painting,Kofta-Kabab,Tum Jeeto Ya Haro,View,Fried-Silk-Worm
1285,Stanley Day,Poland,682,Kala Jora,Flag,Shirako,Tum Jeeto Ya Haro,Face Painting,Shirako
310,Anne White,Iraq,683,Tum Jeeto Ya Haro,Shirts,Shirako,Tum Jeeto Ya Haro,Foam-Hand,Murgh-Pulao
1464,Shreya Reyes,Papua New Guinea,684,The Time Has Come Again For Disco,Face Painting,Kofta-Kabab,Time For Endless Adventures,Baja,Shirako
670,Kobe Bell,El Salvador,687,All In World,Face Painting,Fish,All In World,Face Painting,Passion-Fruit
1261,Annalise Carter,Pakistan,688,The Time Has Come Again For Disco,Seats,Murgh-Pulao,The Time Has Come Again For Disco,Flag,Fish
1137,Betty Gibson,Monaco,689,Boisterous Throwback,Foam-Hand,Fish,All In World,Seats,Dragon-Fruit
952,Maja Fuller,Laos,690,Tum Jeeto Ya Haro,Flag,HotDog,Tum Jeeto Ya Haro,Baja,Murgh-Pulao
1160,Kurtis Gardner,Montenegro,692,The Time Has Come Again For Disco,Flag,HotDog,Kala Jora,Foam-Hand,Fish
1154,Katelyn Casey,Estonia,693,Stay,Seats,Biryani,Boisterous Throwback,Flag,Fish
1123,Mia Meyers,Chad,694,Tum Jeeto Ya Haro,Seats,Biryani,Tum Jeeto Ya Haro,Foam-Hand,Murgh-Pulao
1425,Ollie Huffman,Kuwait,695,All In World,Foam-Hand,Kofta-Kabab,Boisterous Throwback,Face Painting,Fried-Silk-Worm
1471,Juanita Walters,Iraq,696,Kala Jora,Shirts,Kofta-Kabab,Time For Endless Adventures,Baja,Shirako
1290,Romeo Cummings,Germany,697,Time For Endless Adventures,Baja,Passion-Fruit,Time For Endless Adventures,View,Kofta-Kabab
1352,Otto Greene,San Marino,698,Boisterous Throwback,Seats,Fish,Kala Jora,Seats,Kofta-Kabab
1145,Omari Pitts,Turkmenistan,699,Time For Endless Adventures,Baja,Dragon-Fruit,Time For Endless Adventures,Baja,Passion-Fruit
476,Ernest Terry,Ukraine,700,Tum Jeeto Ya Haro,Foam-Hand,Fish,The Time Has Come Again For Disco,Foam-Hand,HotDog
788,Albert Cameron,Thailand,701,The Time Has Come Again For Disco,Seats,Shirako,All In World,Foam-Hand,Murgh-Pulao
44,Lola Wyatt,Ivory Coast,703,Stay,Baja,Kofta-Kabab,All In World,View,Kofta-Kabab
1494,Whitney Watson,Mali,705,Stay,Face Painting,Kofta-Kabab,Time For Endless Adventures,Shirts,Dragon-Fruit
471,Marie Randall,Russian Federation,706,Stay,Foam-Hand,Biryani,Boisterous Throwback,Seats,Kofta-Kabab
894,Harriett Cortez,Latvia,708,Boisterous Throwback,Foam-Hand,Fried-Silk-Worm,Tum Jeeto Ya Haro,View,Passion-Fruit
821,Natalie Cuevas,Venezuela,709,Kala Jora,Seats,Kofta-Kabab,Tum Jeeto Ya Haro,Face Painting,Biryani
131,Maisy Newton,Uruguay,710,All In World,Flag,Murgh-Pulao,Stay,Baja,Fried-Silk-Worm
805,Aya Craig,Vatican City,711,Tum Jeeto Ya Haro,View,Kofta-Kabab,Boisterous Throwback,Foam-Hand,Fried-Silk-Worm
850,Talia Lara,Finland,712,All In World,Face Painting,HotDog,Stay,View,Shirako
1363,Dalton Chapman,Tajikistan,713,The Time Has Come Again For Disco,Face Painting,Kofta-Kabab,The Time Has Come Again For Disco,Baja,Shirako
587,Ella-Louise Cuevas,Japan,714,Stay,Face Painting,Kofta-Kabab,Tum Jeeto Ya Haro,Foam-Hand,Shirako
1372,Leroy English,St Kitts & Nevis,715,All In World,Shirts,Kofta-Kabab,All In World,Baja,Murgh-Pulao
1391,Denis Wyatt,Rwanda,718,Tum Jeeto Ya Haro,Foam-Hand,HotDog,Boisterous Throwback,Baja,Passion-Fruit
963,Andrew Villanueva,Malaysia,719,Time For Endless Adventures,View,Biryani,All In World,Seats,Fish
1065,Clementine Blevins,Latvia,720,Stay,Shirts,Fish,All In World,Baja,Kofta-Kabab
1364,Cara Ramos,Thailand,721,The Time Has Come Again For Disco,Face Painting,Fish,Boisterous Throwback,Face Painting,Biryani
522,Jak Hogan,Ghana,722,Kala Jora,View,Fried-Silk-Worm,Kala Jora,Baja,Fish
449,Oliwia Hart,Slovenia,724,Time For Endless Adventures,Baja,Fried-Silk-Worm,Time For Endless Adventures,Foam-Hand,Passion-Fruit
1449,Natasha Ferguson,Peru,725,Time For Endless Adventures,Foam-Hand,Murgh-Pulao,Time For Endless Adventures,Foam-Hand,Passion-Fruit
883,Moses Price,Syria,726,Stay,Shirts,Shirako,All In World,Baja,Biryani
1463,Zane Malone,Albania,727,Boisterous Throwback,Flag,Fried-Silk-Worm,Stay,Flag,Kofta-Kabab
1246,Aron Acevedo,Fiji,729,Stay,Baja,Shirako,Stay,Seats,Biryani
1090,Malachy Melendez,Cape Verde,730,Tum Jeeto Ya Haro,Face Painting,Fish,All In World,Face Painting,Fish
92,Rebecca Mcdowell,Vatican City,731,Tum Jeeto Ya Haro,Foam-Hand,Murgh-Pulao,Boisterous Throwback,Foam-Hand,Biryani
363,Bethany Valentine,Ukraine,732,Stay,Shirts,Kofta-Kabab,Boisterous Throwback,Flag,Kofta-Kabab
1496,Frankie Moses,Italy,733,Tum Jeeto Ya Haro,Shirts,Biryani,Kala Jora,Shirts,Shirako
511,Patrick Morris,Dominican Republic,734,Time For Endless Adventures,Shirts,Dragon-Fruit,Time For Endless Adventures,Shirts,Dragon-Fruit
620,Lola Branch,Sri Lanka,736,Time For Endless Adventures,Foam-Hand,HotDog,All In World,Face Painting,Kofta-Kabab
428,Estelle Lam,Solomon Islands,737,Tum Jeeto Ya Haro,Foam-Hand,Murgh-Pulao,Time For Endless Adventures,Shirts,Passion-Fruit
942,Gladys Frazier,Tuvalu,738,Kala Jora,Face Painting,Kofta-Kabab,All In World,View,Fish
170,Ammar Gentry,Haiti,739,All In World,Face Painting,Kofta-Kabab,All In World,Flag,Shirako
1350,Stella Townsend,Morocco,740,Kala Jora,Shirts,HotDog,Time For Endless Adventures,Foam-Hand,Kofta-Kabab
832,Spencer Estes,Bhutan,741,Boisterous Throwback,Flag,Kofta-Kabab,Boisterous Throwback,Face Painting,HotDog
1410,Nora Farrell,Poland,742,Tum Jeeto Ya Haro,Face Painting,Shirako,All In World,Face Painting,Fried-Silk-Worm
459,Mariah Pearce,Honduras,743,Time For Endless Adventures,Foam-Hand,Shirako,The Time Has Come Again For Disco,Foam-Hand,Fish
1335,Leonardo Black,Myanmar,744,All In World,Shirts,Shirako,All In World,View,Kofta-Kabab
1080,Hashim Calderon,Liberia,745,Boisterous Throwback,Shirts,Passion-Fruit,Stay,View,Dragon-Fruit
646,Rabia Wu,Ivory Coast,746,Time For Endless Adventures,Face Painting,Passion-Fruit,Kala Jora,Seats,Fish
1422,Alexander Green,Cambodia,747,The Time Has Come Again For Disco,Shirts,Biryani,Tum Jeeto Ya Haro,Baja,Murgh-Pulao
700,Diana Foley,France,749,All In World,Baja,Biryani,The Time Has Come Again For Disco,Flag,Murgh-Pulao
1135,Autumn Odom,Samoa,752,Boisterous Throwback,Foam-Hand,HotDog,Tum Jeeto Ya Haro,Flag,Shirako
641,Rita Harrell,Kyrgyzstan,753,Kala Jora,Shirts,Murgh-Pulao,Boisterous Throwback,Foam-Hand,Kofta-Kabab
488,Franciszek Tucker,Comoros,754,Kala Jora,Flag,Murgh-Pulao,The Time Has Come Again For Disco,Face Painting,Passion-Fruit
586,Tammy Woodward,Nigeria,755,Tum Jeeto Ya Haro,Flag,Murgh-Pulao,Tum Jeeto Ya Haro,Seats,Dragon-Fruit
1193,Trystan Merritt,Germany,756,Kala Jora,Baja,Passion-Fruit,Stay,Baja,Dragon-Fruit
1027,Donna White,Samoa,757,Stay,Face Painting,HotDog,Tum Jeeto Ya Haro,Foam-Hand,HotDog
32,Safia Shah,Kuwait,759,The Time Has Come Again For Disco,View,Dragon-Fruit,Boisterous Throwback,View,Shirako
722,Poppy Hunter,Kuwait,760,Kala Jora,Face Painting,HotDog,Kala Jora,View,Murgh-Pulao
1223,Ishaan Irwin,Seychelles,761,All In World,Face Painting,Passion-Fruit,Time For Endless Adventures,Face Painting,Biryani
849,Lincoln Prince,Uganda,762,All In World,Seats,Fried-Silk-Worm,All In World,Baja,Fish
101,Demi-Leigh Young,Korea South,764,All In World,Flag,Shirako,Boisterous Throwback,Baja,Biryani
1275,Tristan Berger,Papua New Guinea,765,The Time Has Come Again For Disco,Shirts,Fish,Stay,Foam-Hand,Shirako
1321,Elisabeth Wilson,Micronesia,767,Kala Jora,Shirts,Fish,Time For Endless Adventures,Face Painting,Fried-Silk-Worm
1170,Liberty Cunningham,Uruguay,769,Boisterous Throwback,View,Fried-Silk-Worm,Tum Jeeto Ya Haro,Face Painting,HotDog
175,Louis Elliott,Netherlands,770,Time For Endless Adventures,Seats,Kofta-Kabab,Stay,Seats,Dragon-Fruit
884,Luther Wheeler,Germany,772,Time For Endless Adventures,Flag,Biryani,Tum Jeeto Ya Haro,View,Murgh-Pulao
844,Ellen Odling,Monaco,773,Time For Endless Adventures,Shirts,Shirako,Stay,Seats,HotDog
696,Mahir Riley,Benin,774,Time For Endless Adventures,Shirts,Passion-Fruit,Stay,Foam-Hand,Passion-Fruit
77,Fahad Prince,Lesotho,775,Kala Jora,Shirts,Fish,The Time Has Come Again For Disco,Seats,Passion-Fruit
913,Mohsin Sanford,Azerbaijan,777,Stay,Foam-Hand,Fried-Silk-Worm,Time For Endless Adventures,Baja,Shirako
777,Kelsey Snyder,Vietnam,778,The Time Has Come Again For Disco,Face Painting,Shirako,All In World,Face Painting,Fried-Silk-Worm
743,Aliza Doherty,Lesotho,779,Kala Jora,Face Painting,Fried-Silk-Worm,Kala Jora,Flag,Fried-Silk-Worm
1022,Jemma Hickman,Armenia,780,Boisterous Throwback,Seats,Murgh-Pulao,Time For Endless Adventures,Shirts,HotDog
1278,Kelsie Rocha,Comoros,781,The Time Has Come Again For Disco,Flag,Kofta-Kabab,Time For Endless Adventures,Baja,Shirako
635,Angela Gonzalez,Myanmar,782,Boisterous Throwback,Seats,Fish,The Time Has Come Again For Disco,Face Painting,Kofta-Kabab
663,Jimmy Wolf,Egypt,783,Tum Jeeto Ya Haro,Foam-Hand,Biryani,Stay,View,Passion-Fruit
871,May Hull,Syria,784,Boisterous Throwback,Shirts,Passion-Fruit,Time For Endless Adventures,Foam-Hand,HotDog
1480,Zach Robinson,Poland,786,Stay,Shirts,Dragon-Fruit,Stay,Seats,Murgh-Pulao
1109,Jude Bonilla,Venezuela,788,Kala Jora,Flag,Kofta-Kabab,Stay,View,Dragon-Fruit
1289,Oliver Stanton,Liechtenstein,789,Time For Endless Adventures,Flag,Passion-Fruit,Tum Jeeto Ya Haro,Seats,Murgh-Pulao
1069,Maddie Henderson,Bahrain,790,Boisterous Throwback,Foam-Hand,Kofta-Kabab,All In World,Baja,Murgh-Pulao
1456,Reuben Farrell,Finland,792,Stay,View,Dragon-Fruit,Time For Endless Adventures,Shirts,Kofta-Kabab
1044,Jordan Bernard,Malaysia,793,Stay,Flag,Kofta-Kabab,Kala Jora,Seats,Passion-Fruit
1354,Teddy Harris,Nepal,794,Kala Jora,Seats,Biryani,Tum Jeeto Ya Haro,Shirts,Dragon-Fruit
1171,Roger Ross,Mali,796,All In World,Flag,Kofta-Kabab,Stay,Baja,Dragon-Fruit
351,Trey Guerra,Armenia,797,All In World,Seats,Dragon-Fruit,Boisterous Throwback,Shirts,Kofta-Kabab
208,Tahlia Payne,Lebanon,799,The Time Has Come Again For Disco,Shirts,Dragon-Fruit,The Time Has Come Again For Disco,Flag,Shirako
445,Ayla Gibbs,Central African Rep,800,Stay,Flag,Murgh-Pulao,Tum Jeeto Ya Haro,Seats,Shirako
1375,Scarlet Franklin,Vatican City,802,Time For Endless Adventures,Face Painting,Dragon-Fruit,All In World,Flag,Kofta-Kabab
854,Gracie Wilkins,Moldova,803,Kala Jora,Foam-Hand,Passion-Fruit,Tum Jeeto Ya Haro,Baja,Fried-Silk-Worm
1396,Jimmy Manning,Dominican Republic,804,Time For Endless Adventures,Face Painting,Fish,Tum Jeeto Ya Haro,Baja,Shirako
567,Maddie Camacho,Korea North,805,Stay,View,HotDog,Stay,Shirts,Biryani
1342,John Thompson,Fiji,809,The Time Has Come Again For Disco,View,Biryani,All In World,Flag,Fried-Silk-Worm
462,Sienna Snow,Mozambique,810,Stay,Foam-Hand,Dragon-Fruit,All In World,Face Painting,Kofta-Kabab
971,Kye Griffin,Solomon Islands,811,Kala Jora,Baja,HotDog,All In World,Seats,Shirako
1025,Cecily Combs,Canada,812,Stay,Foam-Hand,HotDog,Time For Endless Adventures,Baja,Dragon-Fruit
1441,Kylie Hood,Guinea,813,Tum Jeeto Ya Haro,View,Biryani,Kala Jora,Foam-Hand,Shirako
1414,Rufus Mcmahon,Equatorial Guinea,814,Boisterous Throwback,Shirts,Shirako,Stay,Shirts,Shirako
1188,Georgie Hernandez,Uzbekistan,815,The Time Has Come Again For Disco,Shirts,HotDog,Stay,Foam-Hand,Murgh-Pulao
1322,Lily Miller,Gambia,816,Boisterous Throwback,Shirts,Shirako,Time For Endless Adventures,Flag,Passion-Fruit
1472,Freya Fuller,Zambia,817,Tum Jeeto Ya Haro,Seats,Fish,Time For Endless Adventures,View,Passion-Fruit
1147,Marshall Zamora,Indonesia,818,Kala Jora,Face Painting,Shirako,The Time Has Come Again For Disco,Foam-Hand,Kofta-Kabab
847,Abdulrahman Howard,Algeria,820,Stay,Shirts,Murgh-Pulao,All In World,Seats,Fried-Silk-Worm
408,Usman Garner,Togo,821,Tum Jeeto Ya Haro,Seats,Shirako,Time For Endless Adventures,Face Painting,Shirako
1405,Nicola Guzman,Panama,823,Tum Jeeto Ya Haro,Seats,HotDog,The Time Has Come Again For Disco,Seats,Fried-Silk-Worm
110,Leyla Doyle,Armenia,824,All In World,Foam-Hand,Passion-Fruit,All In World,Baja,Shirako
565,Hasan Fulton,Sierra Leone,825,Boisterous Throwback,Seats,Dragon-Fruit,Stay,Face Painting,Kofta-Kabab
25,Marco Salazar,Yemen,826,Tum Jeeto Ya Haro,Foam-Hand,Kofta-Kabab,Time For Endless Adventures,Foam-Hand,Fried-Silk-Worm
1474,Leyton Sanchez,Qatar,828,Boisterous Throwback,Face Painting,Dragon-Fruit,Time For Endless Adventures,Flag,Fried-Silk-Worm
1477,Lena Ballard,Turkmenistan,829,All In World,Seats,Fried-Silk-Worm,All In World,Baja,Fried-Silk-Worm
1182,Astrid Randolph,Ecuador,830,Tum Jeeto Ya Haro,Flag,Fried-Silk-Worm,The Time Has Come Again For Disco,Face Painting,Biryani
1071,Ahmed Brewer,Sri Lanka,831,Kala Jora,Shirts,Shirako,Stay,Flag,HotDog
1392,Ayah Mccall,Liechtenstein,833,Kala Jora,Shirts,Dragon-Fruit,All In World,Foam-Hand,HotDog
1407,Aliyah Mcneil,Macedonia,834,Kala Jora,Face Painting,Passion-Fruit,Time For Endless Adventures,Shirts,Biryani
362,Ashwin Mosley,Paraguay,835,Kala Jora,Flag,Biryani,The Time Has Come Again For Disco,Seats,Fried-Silk-Worm
798,Elias Bender,Sudan,836,Kala Jora,Foam-Hand,Kofta-Kabab,Tum Jeeto Ya Haro,Shirts,Shirako
1138,Ariana Lambert,Togo,837,Stay,Foam-Hand,Passion-Fruit,The Time Has Come Again For Disco,Shirts,Biryani
1325,Damian Wilcox,Bulgaria,838,Stay,Baja,Fish,Stay,Shirts,Fish
1153,Leighton Greene,Colombia,839,Stay,Face Painting,Passion-Fruit,The Time Has Come Again For Disco,Shirts,Kofta-Kabab
460,Josef Schneider,Dominican Republic,840,All In World,Seats,Shirako,Kala Jora,Face Painting,Biryani
1229,Marie Mcleod,Samoa,841,The Time Has Come Again For Disco,Seats,Murgh-Pulao,The Time Has Come Again For Disco,View,Fish
1133,Lillie Montgomery,Tanzania,843,All In World,Foam-Hand,Kofta-Kabab,The Time Has Come Again For Disco,Face Painting,Fried-Silk-Worm
778,Malik Bass,Chad,844,All In World,Flag,Passion-Fruit,Stay,Baja,HotDog
708,Anisa Ford,Norway,845,All In World,View,Murgh-Pulao,Time For Endless Adventures,Shirts,Fried-Silk-Worm
1074,Aran Mcconnell,Turkey,846,Time For Endless Adventures,Flag,Fried-Silk-Worm,All In World,Seats,Passion-Fruit
455,Fred Mahoney,Georgia,847,All In World,Baja,Fish,All In World,Seats,HotDog
582,Richie Bowen,Pakistan,849,Boisterous Throwback,Foam-Hand,Kofta-Kabab,The Time Has Come Again For Disco,Face Painting,Fried-Silk-Worm
1116,Lily-Mae Atkins,Angola,851,Stay,Shirts,Fried-Silk-Worm,Tum Jeeto Ya Haro,Face Painting,Fried-Silk-Worm
1020,Laurence Pruitt,Albania,852,Boisterous Throwback,Foam-Hand,Fried-Silk-Worm,The Time Has Come Again For Disco,Flag,Murgh-Pulao
747,Kade Shepherd,Bulgaria,853,Tum Jeeto Ya Haro,Flag,Passion-Fruit,Time For Endless Adventures,View,Fish
1132,Eric Ballard,Chile,854,Kala Jora,Baja,Fish,Time For Endless Adventures,Foam-Hand,Fried-Silk-Worm
1134,Elysia Simon,Guatemala,855,The Time Has Come Again For Disco,Seats,Kofta-Kabab,Tum Jeeto Ya Haro,Seats,HotDog
984,Ismail Daniel,Cambodia,858,Stay,View,Shirako,Stay,Baja,Biryani
1083,Richie Nichols,Jamaica,861,Kala Jora,Flag,Shirako,Boisterous Throwback,Foam-Hand,Dragon-Fruit
1207,Dawid Guzman,Canada,862,The Time Has Come Again For Disco,Face Painting,Fried-Silk-Worm,All In World,Baja,Biryani
1421,Evan Walter,Macedonia,863,Kala Jora,Baja,Kofta-Kabab,Tum Jeeto Ya Haro,View,Kofta-Kabab
1131,Angelina Simpson,Romania,864,Kala Jora,Seats,Dragon-Fruit,Boisterous Throwback,Foam-Hand,Fried-Silk-Worm
1326,Aiden Whitehead,Croatia,865,Boisterous Throwback,Face Painting,Fish,Stay,Seats,Fish
1473,Eric Crane,Sri Lanka,866,All In World,Flag,HotDog,All In World,Shirts,Murgh-Pulao
1034,Nelson Benton,Panama,867,Boisterous Throwback,Shirts,Passion-Fruit,Boisterous Throwback,Foam-Hand,Biryani
1417,Alisa Ramirez,Lebanon,869,Boisterous Throwback,Shirts,Dragon-Fruit,The Time Has Come Again For Disco,Seats,Passion-Fruit
1213,Angelo Mora,Zimbabwe,870,Kala Jora,View,Dragon-Fruit,All In World,Face Painting,Dragon-Fruit
649,Haseeb Chambers,Kosovo,871,Time For Endless Adventures,Baja,Murgh-Pulao,Time For Endless Adventures,View,Dragon-Fruit
1237,Kevin Ellis,Ghana,872,Kala Jora,View,Dragon-Fruit,All In World,Flag,Kofta-Kabab
1118,Liana Gillespie,Finland,874,The Time Has Come Again For Disco,View,Biryani,The Time Has Come Again For Disco,Foam-Hand,HotDog
1293,Coral Wang,Vanuatu,875,Stay,Seats,Dragon-Fruit,The Time Has Come Again For Disco,Baja,Murgh-Pulao
1415,Leia Huff,Argentina,876,Time For Endless Adventures,Foam-Hand,Biryani,Tum Jeeto Ya Haro,Face Painting,Murgh-Pulao
623,Savannah Russo,Guyana,877,Stay,Foam-Hand,Dragon-Fruit,The Time Has Come Again For Disco,Face Painting,Murgh-Pulao
1466,Honor Boyer,Sao Tome & Principe,878,The Time Has Come Again For Disco,Seats,Murgh-Pulao,Stay,Foam-Hand,Biryani
1406,Mila Fleming,Swaziland,879,Kala Jora,View,Murgh-Pulao,All In World,Baja,HotDog
1358,Deanna Summers,Netherlands,882,Kala Jora,Seats,Shirako,Tum Jeeto Ya Haro,Face Painting,Fried-Silk-Worm
1390,Ana Flynn,Afghanistan,884,The Time Has Come Again For Disco,Flag,Passion-Fruit,Tum Jeeto Ya Haro,Foam-Hand,Dragon-Fruit
1024,Stanley Steele,Nicaragua,885,Tum Jeeto Ya Haro,Foam-Hand,Fried-Silk-Worm,All In World,View,Fish
1498,Rodney Mcgee,Guyana,886,The Time Has Come Again For Disco,Face Painting,Fried-Silk-Worm,Kala Jora,View,Biryani
1361,Arran Atkinson,Equatorial Guinea,887,Time For Endless Adventures,Shirts,Murgh-Pulao,Boisterous Throwback,Foam-Hand,Dragon-Fruit
1274,Nellie Hobbs,Micronesia,888,All In World,View,Shirako,Boisterous Throwback,Seats,Biryani
904,Mya Cuevas,Kenya,889,The Time Has Come Again For Disco,Seats,Fried-Silk-Worm,The Time Has Come Again For Disco,View,Passion-Fruit
1281,Jan Rosario,Guinea-Bissau,890,Stay,Face Painting,HotDog,Time For Endless Adventures,Baja,Dragon-Fruit
1320,Youssef Sampson,Rwanda,891,Kala Jora,Shirts,Murgh-Pulao,Stay,Foam-Hand,Kofta-Kabab
1355,Josiah Barlow,Paraguay,892,Stay,Baja,Passion-Fruit,The Time Has Come Again For Disco,Flag,Shirako
1110,Angelo Palmer,China,893,Tum Jeeto Ya Haro,Baja,Murgh-Pulao,Boisterous Throwback,Foam-Hand,Fried-Silk-Worm
914,Magnus Campbell,Antigua & Deps,894,Tum Jeeto Ya Haro,Baja,Fish,Tum Jeeto Ya Haro,Shirts,Fish
321,Simeon Carroll,Lebanon,895,Kala Jora,Face Painting,Kofta-Kabab,The Time Has Come Again For Disco,View,Fried-Silk-Worm
1324,Abbas Jennings,Bolivia,896,Tum Jeeto Ya Haro,Face Painting,Shirako,Time For Endless Adventures,Foam-Hand,Passion-Fruit
451,Alvin Estes,Hungary,898,Tum Jeeto Ya Haro,Baja,Passion-Fruit,All In World,View,Passion-Fruit
1191,Scarlett Wagner,Equatorial Guinea,899,Stay,View,HotDog,Stay,Flag,HotDog
701,Riya Hayes,Egypt,903,Time For Endless Adventures,Baja,Biryani,All In World,Shirts,Passion-Fruit
381,Kaya Adkins,Guinea,904,The Time Has Come Again For Disco,View,Biryani,The Time Has Come Again For Disco,Face Painting,Fried-Silk-Worm
433,Fern Khan,Lithuania,905,All In World,Seats,Fish,The Time Has Come Again For Disco,Flag,Fried-Silk-Worm
79,Lily Holland,Ukraine,906,Tum Jeeto Ya Haro,Seats,Kofta-Kabab,Boisterous Throwback,Face Painting,Kofta-Kabab
667,Tomas Adams,Kuwait,908,Tum Jeeto Ya Haro,Shirts,Passion-Fruit,All In World,Baja,Dragon-Fruit
1282,Emmie Greer,Nigeria,909,Kala Jora,Shirts,Fried-Silk-Worm,The Time Has Come Again For Disco,Flag,Passion-Fruit
1298,Faris Christian,Kazakhstan,910,Time For Endless Adventures,Seats,Shirako,Kala Jora,Foam-Hand,Kofta-Kabab
294,Logan Yang,India,911,All In World,Seats,Dragon-Fruit,Stay,Face Painting,Dragon-Fruit
1427,Sebastien Gilmore,Grenada,912,Time For Endless Adventures,Baja,Passion-Fruit,Kala Jora,Foam-Hand,Biryani
1368,Noel Melendez,United Kingdom,913,Boisterous Throwback,Flag,Fish,All In World,Seats,Fish
1341,Elise Floyd,Guyana,914,Stay,Seats,Murgh-Pulao,Stay,View,Fish
1426,Peter King,Laos,917,The Time Has Come Again For Disco,Face Painting,Murgh-Pulao,Boisterous Throwback,Seats,Fried-Silk-Worm
650,Elijah Edwards,Nepal,918,The Time Has Come Again For Disco,Foam-Hand,Murgh-Pulao,All In World,Flag,Fish
270,Jennie Gomez,Argentina,919,Boisterous Throwback,View,Passion-Fruit,Tum Jeeto Ya Haro,Flag,Murgh-Pulao
30,Xavier Barrera,Pakistan,920,Time For Endless Adventures,Flag,Shirako,Tum Jeeto Ya Haro,Foam-Hand,Passion-Fruit
559,Zeeshan Chase,Switzerland,921,Kala Jora,Shirts,Kofta-Kabab,Tum Jeeto Ya Haro,Seats,Shirako
427,Hassan Galvan,Georgia,922,The Time Has Come Again For Disco,Baja,Kofta-Kabab,Stay,Baja,Fried-Silk-Worm
411,Murray Pace,Korea North,923,Tum Jeeto Ya Haro,Foam-Hand,Shirako,All In World,Shirts,Dragon-Fruit
1078,Stacey Richards,Kyrgyzstan,924,Time For Endless Adventures,Foam-Hand,Biryani,Stay,Foam-Hand,Passion-Fruit
162,Ryan Day,Niger,925,Time For Endless Adventures,Face Painting,Fish,Kala Jora,Face Painting,Fried-Silk-Worm
297,Xavier Poole,Bosnia Herzegovina,926,Tum Jeeto Ya Haro,Foam-Hand,Fish,Kala Jora,Baja,Fried-Silk-Worm
967,Arran Cook,Venezuela,927,All In World,Shirts,Passion-Fruit,Tum Jeeto Ya Haro,Baja,Biryani
1306,Leila Warner,Niger,929,Stay,Foam-Hand,Biryani,Boisterous Throwback,Flag,Kofta-Kabab
910,Chad Guerra,Morocco,930,Tum Jeeto Ya Haro,Seats,Fried-Silk-Worm,Tum Jeeto Ya Haro,Foam-Hand,Shirako
980,Imran Pineda,Antigua & Deps,931,Time For Endless Adventures,View,Dragon-Fruit,Kala Jora,Shirts,HotDog
220,Eleanor Barnett,Bahamas,932,All In World,Baja,Fried-Silk-Worm,Kala Jora,Face Painting,Kofta-Kabab
830,Franciszek Rogers,Malta,934,Kala Jora,Foam-Hand,Kofta-Kabab,Stay,Flag,Fish
933,Lochlan Malone,Oman,935,Stay,Shirts,Biryani,Kala Jora,Face Painting,Passion-Fruit
1234,Floyd Estrada,Trinidad & Tobago,936,The Time Has Come Again For Disco,Shirts,HotDog,Time For Endless Adventures,Face Painting,Fish
244,Bethany Downs,Sierra Leone,937,Tum Jeeto Ya Haro,Flag,Fish,Kala Jora,Face Painting,Kofta-Kabab
254,Damien Meyer,Romania,938,Kala Jora,Baja,Shirako,The Time Has Come Again For Disco,Flag,Kofta-Kabab
194,Orla Callahan,Ireland {Republic},939,Boisterous Throwback,Face Painting,Passion-Fruit,Stay,Shirts,Biryani
477,Kaylee Brown,Somalia,940,Tum Jeeto Ya Haro,Baja,Dragon-Fruit,Tum Jeeto Ya Haro,Seats,Passion-Fruit
1155,Jose Parker,St Kitts & Nevis,941,The Time Has Come Again For Disco,Flag,Dragon-Fruit,Stay,Baja,Dragon-Fruit
1491,Clementine Bell,Austria,945,Tum Jeeto Ya Haro,View,HotDog,Time For Endless Adventures,View,Passion-Fruit
1484,Sabrina Pacheco,Senegal,946,Kala Jora,Face Painting,Kofta-Kabab,Kala Jora,Flag,Fish
875,Edward Cisneros,Samoa,947,Boisterous Throwback,Shirts,Shirako,Time For Endless Adventures,View,Fried-Silk-Worm
780,Chris Holt,Montenegro,951,Time For Endless Adventures,Foam-Hand,Shirako,Tum Jeeto Ya Haro,Flag,Murgh-Pulao
673,Jamie Moran,Mauritius,953,Kala Jora,Face Painting,HotDog,All In World,Shirts,Kofta-Kabab
128,Jake Rangel,Afghanistan,954,Time For Endless Adventures,Seats,Fish,Tum Jeeto Ya Haro,Foam-Hand,Biryani
665,Asa Mayo,Saudi Arabia,955,The Time Has Come Again For Disco,Seats,Fried-Silk-Worm,Stay,Foam-Hand,Passion-Fruit
1255,Tamzin Landry,Vanuatu,956,The Time Has Come Again For Disco,Face Painting,Dragon-Fruit,Boisterous Throwback,Baja,Biryani
1089,Jorge Buckley,Saint Vincent & the Grenadines,958,Time For Endless Adventures,Face Painting,Passion-Fruit,Kala Jora,Flag,Biryani
417,Zach Freeman,United Arab Emirates,959,The Time Has Come Again For Disco,View,HotDog,All In World,Seats,Kofta-Kabab
1212,Maximus Parrish,Albania,960,Time For Endless Adventures,Shirts,Murgh-Pulao,The Time Has Come Again For Disco,Foam-Hand,Shirako
1088,Aaryan Weeks,Korea North,961,Time For Endless Adventures,Flag,Passion-Fruit,All In World,Flag,Dragon-Fruit
867,Cordelia Klein,Samoa,962,Kala Jora,Foam-Hand,Kofta-Kabab,Kala Jora,Seats,Dragon-Fruit
461,Lillie Mcgowan,Comoros,963,Kala Jora,Flag,Dragon-Fruit,The Time Has Come Again For Disco,Seats,Dragon-Fruit
1439,Callum Holloway,Trinidad & Tobago,964,All In World,Baja,Shirako,Boisterous Throwback,Foam-Hand,HotDog
1435,Maggie Stanton,Peru,966,Time For Endless Adventures,Seats,HotDog,The Time Has Come Again For Disco,View,Shirako
1376,Ela Trujillo,Belgium,967,Boisterous Throwback,Foam-Hand,Murgh-Pulao,The Time Has Come Again For Disco,Flag,Shirako
945,Honor House,St Kitts & Nevis,968,The Time Has Come Again For Disco,Face Painting,Fish,Time For Endless Adventures,Flag,Fried-Silk-Worm
210,Norman Marquez,Norway,970,All In World,Baja,Shirako,All In World,Baja,Kofta-Kabab
1258,Alfie Buckley,Denmark,972,All In World,Seats,Murgh-Pulao,Stay,Flag,Biryani
1365,Harry Cortez,Palestine,973,Tum Jeeto Ya Haro,Seats,Dragon-Fruit,The Time Has Come Again For Disco,View,HotDog
1333,Khalil Zamora,Luxembourg,975,Stay,View,Dragon-Fruit,Boisterous Throwback,Seats,Fish
63,Jayson Krueger,Andorra,976,Boisterous Throwback,Seats,Kofta-Kabab,Time For Endless Adventures,Face Painting,Biryani
740,Diane Hubbard,Taiwan,977,All In World,Flag,Shirako,Boisterous Throwback,Shirts,Murgh-Pulao
1283,Faye Cunningham,Madagascar,979,Kala Jora,Flag,Kofta-Kabab,Boisterous Throwback,Foam-Hand,Shirako
1158,Hana Fletcher,Senegal,981,Boisterous Throwback,Flag,HotDog,Time For Endless Adventures,Baja,Shirako
612,Zac Aguirre,Laos,982,Stay,Shirts,Murgh-Pulao,The Time Has Come Again For Disco,View,Kofta-Kabab
996,Hannah Allen,Sudan,983,All In World,Shirts,Murgh-Pulao,Tum Jeeto Ya Haro,Seats,Fried-Silk-Worm
1050,Otto Walton,Burkina,984,All In World,Shirts,Murgh-Pulao,Stay,Shirts,Passion-Fruit
410,Liana Woods,Marshall Islands,985,Kala Jora,Shirts,Biryani,Kala Jora,Baja,Kofta-Kabab
746,Lisa Hebert,Nicaragua,986,Stay,Seats,Dragon-Fruit,All In World,Seats,Fish
161,Astrid Burke,Bahamas,988,Boisterous Throwback,Flag,Dragon-Fruit,Stay,Baja,HotDog
1059,Prince Watkins,Serbia,989,Time For Endless Adventures,Flag,Passion-Fruit,Stay,Shirts,Shirako
1416,Niall Butler,Malawi,991,Stay,Flag,HotDog,Kala Jora,View,Passion-Fruit
1114,Maizie Slater,Georgia,992,The Time Has Come Again For Disco,View,Passion-Fruit,Tum Jeeto Ya Haro,Face Painting,Kofta-Kabab
1378,Daniyal Ochoa,Bolivia,993,Stay,View,Fish,The Time Has Come Again For Disco,Flag,Kofta-Kabab
737,Tegan Olsen,Eritrea,994,Stay,Foam-Hand,Passion-Fruit,All In World,Seats,Biryani
770,Dawson Herman,Poland,995,The Time Has Come Again For Disco,View,Murgh-Pulao,Kala Jora,Face Painting,Fish
757,Osian Jacobs,Rwanda,996,All In World,Seats,Murgh-Pulao,The Time Has Come Again For Disco,Baja,Fish
1316,Antonia Klein,Djibouti,997,Kala Jora,Baja,HotDog,Kala Jora,Baja,Dragon-Fruit
248,Ffion Irwin,Saint Vincent & the Grenadines,999,Stay,Shirts,Dragon-Fruit,Boisterous Throwback,Foam-Hand,Murgh-Pulao
